datetime_lst,temperature,humidity,pressure,windspeed,winddirection,rainfull,radiation,flag
2023-08-11 15:36:00,25.1,93,990.5,2,147,0,14.33668,,,,0
2023-08-11 15:37:00,25.2,93,990.5,2,145,0,14.67408,,,,0
2023-08-11 15:38:00,25.2,93,990.5,1.8,145,0.5,15.23852,,,,0
2023-08-11 15:39:00,25.2,93,990.5,1.8,145,0,15.98029,,,,0
2023-08-11 15:40:00,25.2,93,990.5,1.7,142,0,16.64474,,,,0
2023-08-11 15:41:00,25.2,93,990.5,1.5,141,0,17.23034,,,,0
2023-08-11 15:42:00,25.3,93,990.6,1.5,143,0,17.82098,,,,0
2023-08-11 15:43:00,25.3,93,990.5,1.5,145,0,18.43455,,,,0
2023-08-11 15:44:00,25.3,93,990.5,1.4,146,0,19.11439,,,,0
2023-08-11 15:45:00,25.3,93,990.6,1.4,149,0,20.11035,,,,0
2023-08-11 15:46:00,25.4,93,990.6,1.4,152,0,21.29023,,,,0
2023-08-11 15:47:00,25.3,93,990.6,1.4,154,0,22.5009,,,,0
2023-08-11 15:48:00,25.3,93,990.5,1.4,154,0,23.589,,,,0
2023-08-11 15:49:00,25.3,93,990.5,1.4,155,0,24.47356,,,,0
2023-08-11 15:50:00,25.4,93,990.5,1.5,156,0,25.22192,,,,0
2023-08-11 15:51:00,25.4,93,990.5,1.5,157,0,25.87673,,,,0
2023-08-11 15:52:00,25.3,93,990.4,1.6,157,0,26.55716,,,,0
2023-08-11 15:53:00,25.4,93,990.4,1.6,156,0,27.37673,,,,0
2023-08-11 15:54:00,25.3,93,990.4,1.6,155,0,28.30278,,,,0
2023-08-11 15:55:00,25.4,93,990.4,1.7,153,0,29.37948,,,,0
2023-08-11 15:56:00,25.4,93,990.4,1.7,153,0,30.53233,,,,0
2023-08-11 15:57:00,25.4,93,990.4,1.6,152,0,31.64417,,,,0
2023-08-11 15:58:00,25.4,93,990.3,1.6,151,0,32.83768,,,,0
2023-08-11 15:59:00,25.4,93,990.3,1.6,150,0,33.97549,,,,0
2023-08-11 16:00:00,25.4,93,990.3,1.5,151,0,35.07276,,,,0
2023-08-11 16:01:00,25.4,93,990.3,1.4,150,0,36.23407,,,,0
2023-08-11 16:02:00,25.5,94,990.3,1.4,148,0,37.43475,,,,0
2023-08-11 16:03:00,25.5,93,990.3,1.4,149,0,38.50488,,,,0
2023-08-11 16:04:00,25.5,93,990.3,1.4,147,0,39.5455,,,,0
2023-08-11 16:05:00,25.5,93,990.3,1.3,150,0,40.72386,,,,0
2023-08-11 16:06:00,25.5,93,990.4,1.3,151,0,41.9162,,,,0
2023-08-11 16:07:00,25.5,93,990.4,1.3,156,0,43.4994,,,,0
2023-08-11 16:08:00,25.5,93,990.4,1.3,158,0,45.32423,,,,0
2023-08-11 16:09:00,25.5,93,990.4,1.2,160,0,47.24342,,,,0
2023-08-11 16:10:00,25.4,93,990.4,1.4,161,0,48.82098,,,,0
2023-08-11 16:11:00,25.4,92,990.5,1.4,164,0.5,50.12708,,,,0
2023-08-11 16:12:00,25.5,93,990.5,1.4,166,0,50.72019,,,,0
2023-08-11 16:13:00,25.5,92,990.5,1.5,166,0,50.92868,,,,0
2023-08-11 16:14:00,25.5,92,990.5,1.5,169,0,51.21683,,,,0
2023-08-11 16:15:00,25.6,92,990.5,1.5,168,0,52.30928,,,,0
2023-08-11 16:16:00,25.6,92,990.5,1.5,167,0,54.66753,,,,0
2023-08-11 16:17:00,25.6,92,990.5,1.5,164,0,58.1524,,,,0
2023-08-11 16:18:00,25.5,92,990.5,1.5,164,0,62.16823,,,,0
2023-08-11 16:19:00,25.5,92,990.6,1.5,163,0,66.25504,,,,0
2023-08-11 16:20:00,25.6,92,990.5,1.4,161,0,70.07096,,,,0
2023-08-11 16:21:00,25.6,92,990.5,1.3,157,0,73.07671,,,,0
2023-08-11 16:22:00,25.6,92,990.5,1.3,154,0,75.08956,,,,0
2023-08-11 16:23:00,25.7,92,990.5,1.2,150,0,75.71159,,,,0
2023-08-11 16:24:00,25.6,92,990.5,1.2,146,0,75.43237,,,,0
2023-08-11 16:25:00,25.7,92,990.5,1.1,143,0,75.46975,,,,0
2023-08-11 16:26:00,25.7,92,990.6,1,139,0,75.96815,,,,0
2023-08-11 16:27:00,25.7,92,990.6,0.9,132,0,77.09772,,,,0
2023-08-11 16:28:00,25.8,91,990.6,0.9,125,0,78.15492,,,,0
2023-08-11 16:29:00,25.7,91,990.6,0.9,118,0,78.5573,,,,0
2023-08-11 16:30:00,25.8,91,990.6,1,122,0,78.58574,,,,0
2023-08-11 16:31:00,25.8,91,990.5,1,120,0,78.29453,,,,0
2023-08-11 16:32:00,25.8,91,990.5,1,121,0,77.71434,,,,0
2023-08-11 16:33:00,26,91,990.5,1,123,0,77.04167,,,,0
2023-08-11 16:34:00,25.9,91,990.5,1,126,0,76.1899,,,,0
2023-08-11 16:35:00,26,91,990.4,1.1,131,0,75.24084,,,,0
2023-08-11 16:36:00,25.9,91,990.4,1.2,133,0,74.21031,,,,0
2023-08-11 16:37:00,26,91,990.4,1.2,132,0,73.19942,,,,0
2023-08-11 16:38:00,26,91,990.4,1.2,134,0,72.27866,,,,0
2023-08-11 16:39:00,26.1,91,990.4,1.2,136,0,71.40668,,,,0
2023-08-11 16:40:00,26.1,91,990.4,1.2,133,0,70.53471,,,,0
2023-08-11 16:41:00,26.1,92,990.4,1.1,133,0,69.55296,,,,0
2023-08-11 16:42:00,26.1,92,990.4,1.2,129,0,68.47802,,,,0
2023-08-11 16:43:00,26.1,92,990.4,1.3,128,0,67.47089,,,,0
2023-08-11 16:44:00,26.1,91,990.5,1.3,125,0,66.60701,,,,0
2023-08-11 16:45:00,26.1,91,990.5,1.3,122,0,65.80624,,,,0
2023-08-11 16:46:00,26.1,91,990.5,1.3,122,0,65.27328,,,,0
2023-08-11 16:47:00,26.1,91,990.6,1.3,125,0,64.97961,,,,0
2023-08-11 16:48:00,26.2,91,990.6,1.3,129,0,65.13332,,,,0
2023-08-11 16:49:00,26.2,91,990.6,1.3,131,0,65.64312,,,,0
2023-08-11 16:50:00,26.2,91,990.6,1.4,134,0,66.54672,,,,0
2023-08-11 16:51:00,26.2,91,990.6,1.4,134,0,67.71473,,,,0
2023-08-11 16:52:00,26.2,90,990.6,1.5,134,0,68.74665,,,,0
2023-08-11 16:53:00,26.2,91,990.6,1.4,136,0,69.4051,,,,0
2023-08-11 16:54:00,26.2,91,990.5,1.3,136,0,69.72169,,,,0
2023-08-11 16:55:00,26.2,90,990.5,1.3,135,0,69.7459,,,,0
2023-08-11 16:56:00,26.3,90,990.6,1.3,132,0,69.35127,,,,0
2023-08-11 16:57:00,26.2,90,990.6,1.3,129,0,68.52123,,,,0
2023-08-11 16:58:00,26.3,90,990.6,1.3,126,0,67.20492,,,,0
2023-08-11 16:59:00,26.3,90,990.6,1.3,125,0,65.73243,,,,0
2023-08-11 17:00:00,26.3,90,990.6,1.3,125,0,64.3409,,,,0
2023-08-11 17:01:00,26.2,89,990.7,1.2,129,0,62.83467,,,,0
2023-08-11 17:02:00,26.3,90,990.7,1.2,131,0,61.11032,,,,0
2023-08-11 17:03:00,26.3,90,990.7,1.2,135,0,59.1701,,,,0
2023-08-11 17:04:00,26.3,90,990.7,1.2,138,0,56.9563,,,,0
2023-08-11 17:05:00,26.3,90,990.7,1.3,145,0,54.54471,,,,0
2023-08-11 17:06:00,26.3,90,990.7,1.3,152,0,52.22478,,,,0
2023-08-11 17:07:00,26.3,90,990.7,1.4,159,0,50.22639,,,,0
2023-08-11 17:08:00,26.4,90,990.7,1.4,163,0,48.6876,,,,0
2023-08-11 17:09:00,26.4,90,990.7,1.4,166,0,47.63899,,,,0
2023-08-11 17:10:00,26.4,91,990.8,1.4,170,0,46.74937,,,,0
2023-08-11 17:11:00,26.5,91,990.7,1.4,174,0,45.81652,,,,0
2023-08-11 17:12:00,26.4,91,990.8,1.5,178,0,44.77813,,,,0
2023-08-11 17:13:00,26.4,91,990.8,1.6,178,0,43.52422,,,,0
2023-08-11 17:14:00,26.4,91,990.8,1.7,180,0,42.06934,,,,0
2023-08-11 17:15:00,26.4,91,990.8,1.7,182,0,40.42491,,,,0
2023-08-11 17:16:00,26.4,91,990.8,1.7,185,0,38.43475,,,,0
2023-08-11 17:17:00,26.5,91,990.8,1.7,187,0,36.23328,,,,0
2023-08-11 17:18:00,26.3,91,990.8,1.8,189,0,34.04862,,,,0
2023-08-11 17:19:00,26.4,91,990.8,1.8,190,0,31.97454,,,,0
2023-08-11 17:20:00,26.3,91,990.9,1.8,192,0,30.08403,,,,0
2023-08-11 17:21:00,26.3,91,990.8,1.8,193,0,28.36133,,,,0
2023-08-11 17:22:00,26.4,91,990.9,1.8,195,0,26.7209,,,,0
2023-08-11 17:23:00,26.3,91,990.9,1.8,198,0,25.14181,,,,0
2023-08-11 17:24:00,26.3,91,990.9,1.8,201,0,23.73888,,,,0
2023-08-11 17:25:00,26.3,92,990.9,1.8,203,0,22.5154,,,,0
2023-08-11 17:26:00,26.3,91,991,1.8,204,0,21.39522,,,,0
2023-08-11 17:27:00,26.2,91,991,1.8,205,0,20.29478,,,,0
2023-08-11 17:28:00,26.2,91,991,1.8,206,0,19.18976,,,,0
2023-08-11 17:29:00,26.2,92,991,1.9,206,0,18.13927,,,,0
2023-08-11 17:30:00,26.2,92,991.1,2,205,0,17.15987,,,,0
2023-08-11 17:31:00,26.1,91,991.1,2.1,205,0,16.13664,,,,0
2023-08-11 17:32:00,26.2,91,991,2.1,205,0,15.03162,,,,0
2023-08-11 17:33:00,26.1,92,991,2.2,204,0,13.89357,,,,0
2023-08-11 17:34:00,26.1,92,991,2.2,203,0,12.74001,,,,0
2023-08-11 17:35:00,26.1,92,991.1,2.2,202,0,11.62959,,,,0
2023-08-11 17:36:00,26.2,92,991.1,2.2,201,0,10.59508,,,,0
2023-08-11 17:37:00,26.1,92,991.1,2.2,202,0,9.657166,,,,0
2023-08-11 17:38:00,26.1,92,991.1,2.1,202,0,8.844645,,,,0
2023-08-11 17:39:00,26.1,92,991.2,2.1,203,0,8.09958,,,,0
2023-08-11 17:40:00,26.1,92,991.2,2,205,0,7.463573,,,,0
2023-08-11 17:41:00,26.1,92,991.1,2,204,0,6.956953,,,,0
2023-08-11 17:42:00,26,92,991.1,2,203,0,6.781616,,,,0
2023-08-11 17:43:00,26,92,991.2,2.1,203,0,6.34057,,,,0
2023-08-11 17:44:00,25.9,92,991.1,2.1,203,0,5.972738,,,,0
2023-08-11 17:45:00,25.9,92,991.2,2.2,203,0,5.724776,,,,0
2023-08-11 17:46:00,25.9,92,991.2,2.2,203,0.5,5.436621,,,,0
2023-08-11 17:47:00,26,92,991.2,2.2,203,0,5.149525,,,,0
2023-08-11 17:48:00,25.9,92,991.2,2.1,201,0,4.994166,,,,0
2023-08-11 17:49:00,25.9,92,991.2,2.1,201,0,4.813893,,,,0
2023-08-11 17:50:00,25.9,92,991.2,2.2,200,0,4.754664,,,,0
2023-08-11 17:51:00,25.8,92,991.2,2.1,199,0,4.678277,,,,0
2023-08-11 17:52:00,25.8,93,991.2,2.1,198,0.5,4.523153,,,,0
2023-08-11 17:53:00,25.8,93,991.3,2,197,0,4.565577,,,,0
2023-08-11 17:54:00,25.7,93,991.3,2,197,0,4.508346,,,,0
2023-08-11 17:55:00,25.8,93,991.3,1.9,197,0,4.50294,,,,0
2023-08-11 17:56:00,25.8,93,991.3,1.8,197,0,4.41727,,,,0
2023-08-11 17:57:00,25.7,93,991.3,1.9,196,0,4.477558,,,,0
2023-08-11 17:58:00,25.7,93,991.3,1.9,195,0,4.542311,,,,0
2023-08-11 17:59:00,25.7,93,991.3,1.9,194,0.5,4.656303,,,,0
2023-08-11 18:00:00,25.7,93,991.3,1.8,194,0,4.788512,,,,0
2023-08-11 18:01:00,25.7,93,991.3,1.9,194,0,5.03812,,,,0
2023-08-11 18:02:00,25.7,93,991.3,1.9,194,0,5.285261,,,,0
2023-08-11 18:03:00,25.7,93,991.3,1.9,194,0,5.683649,,,,0
2023-08-11 18:04:00,25.6,93,991.3,2,194,0,6.057708,,,,0
2023-08-11 18:05:00,25.6,93,991.4,2,195,0,6.310843,,,,0
2023-08-11 18:06:00,25.6,93,991.4,2,196,0.5,6.557865,,,,0
2023-08-11 18:07:00,25.6,94,991.4,2,198,0,6.821576,,,,0
2023-08-11 18:08:00,25.6,94,991.3,1.9,199,0,6.978228,,,,0
2023-08-11 18:09:00,25.7,94,991.3,1.9,200,0,7.119604,,,,0
2023-08-11 18:10:00,25.6,94,991.3,1.8,201,0.5,7.150393,,,,0
2023-08-11 18:11:00,25.6,94,991.3,1.7,202,0,7.173544,,,,0
2023-08-11 18:12:00,25.6,94,991.3,1.6,202,0,7.233363,,,,0
2023-08-11 18:13:00,25.6,94,991.3,1.5,203,0,7.350176,,,,0
2023-08-11 18:14:00,25.6,94,991.3,1.4,203,0,7.385431,,,,0
2023-08-11 18:15:00,25.6,94,991.3,1.3,201,0.5,7.338189,,,,0
2023-08-11 18:16:00,25.6,94,991.3,1.2,199,0,7.228662,,,,0
2023-08-11 18:17:00,25.6,95,991.3,1.1,198,0,7.146517,,,,0
2023-08-11 18:18:00,25.6,95,991.3,1.1,198,0,7.067193,,,,0
2023-08-11 18:19:00,25.6,95,991.3,1.1,199,0,6.905958,,,,0
2023-08-11 18:20:00,25.6,95,991.4,1.2,199,0.5,6.702534,,,,0
2023-08-11 18:21:00,25.6,95,991.4,1.2,200,0,6.516855,,,,0
2023-08-11 18:22:00,25.6,95,991.4,1.2,201,0,6.329766,,,,0
2023-08-11 18:23:00,25.6,95,991.4,1.2,202,0,6.082272,,,,0
2023-08-11 18:24:00,25.6,95,991.4,1.2,203,0,5.845122,,,,0
2023-08-11 18:25:00,25.6,95,991.4,1.2,203,0,5.56155,,,,0
2023-08-11 18:26:00,25.6,95,991.5,1.2,203,0,5.300895,,,,0
2023-08-11 18:27:00,25.6,95,991.5,1.2,203,0.5,5.077258,,,,0
2023-08-11 18:28:00,25.6,95,991.5,1.1,202,0,4.870778,,,,0
2023-08-11 18:29:00,25.6,95,991.5,1.1,202,0,4.588852,,,,0
2023-08-11 18:30:00,25.6,95,991.6,1.1,203,0,4.271906,,,,0
2023-08-11 18:31:00,25.6,95,991.6,1.2,204,0,3.828744,,,,0
2023-08-11 18:32:00,25.6,95,991.5,1.2,206,0,3.351855,,,,0
2023-08-11 18:33:00,25.6,95,991.5,1.3,206,0,2.847585,,,,0
2023-08-11 18:34:00,25.7,96,991.5,1.3,207,0,2.289021,,,,0
2023-08-11 18:35:00,25.6,96,991.5,1.4,209,0,1.796737,,,,0
2023-08-11 18:36:00,25.6,96,991.5,1.4,210,0,1.332657,,,,0
2023-08-11 18:37:00,25.7,96,991.6,1.5,210,0,0.9938522,,,,0
2023-08-11 18:38:00,25.6,96,991.6,1.5,210,0,0.6845441,,,,0
2023-08-11 18:39:00,25.6,96,991.7,1.4,210,0,0.4278841,,,,0
2023-08-11 18:40:00,25.6,96,991.7,1.4,210,0,0.2608906,,,,0
2023-08-11 18:41:00,25.6,96,991.7,1.3,210,0,0.1664059,,,,0
2023-08-11 18:42:00,25.6,96,991.7,1.3,210,0,0.1158731,,,,0
2023-08-11 18:43:00,25.6,96,991.8,1.3,209,0,0.08755114,,,,0
2023-08-11 18:44:00,25.7,96,991.8,1.3,209,0,0.05253069,,,,0
2023-08-11 18:45:00,25.7,96,991.8,1.2,208,0,0.0141022,,,,0
2023-08-11 18:46:00,25.6,96,991.8,1.2,207,0,-0.02362118,,,,0
2023-08-11 18:47:00,25.7,96,991.8,1.3,208,0,-0.01821534,,,,0
2023-08-11 18:48:00,25.7,96,991.8,1.3,206,0,-0.0365482,,,,0
2023-08-11 18:49:00,25.7,96,991.8,1.3,206,0.5,-0.08567084,,,,0
2023-08-11 18:50:00,25.7,96,991.8,1.4,203,0,-0.1352636,,,,0
2023-08-11 18:51:00,25.7,96,991.9,1.5,202,0,-0.1327957,,,,0
2023-08-11 18:52:00,25.8,96,991.9,1.5,202,0,-0.1769826,,,,0
2023-08-11 18:53:00,25.7,96,991.9,1.5,202,0,-0.1910848,,,,0
2023-08-11 18:54:00,25.7,96,991.9,1.6,201,0,-0.1837986,,,,0
2023-08-11 18:55:00,25.7,96,991.9,1.6,200,0,-0.1705191,,,,0
2023-08-11 18:56:00,25.7,96,991.9,1.7,199,0,-0.1759249,,,,0
2023-08-11 18:57:00,25.7,96,991.9,1.7,196,0,-0.1821534,,,,0
2023-08-11 18:58:00,25.7,96,991.9,1.7,194,0,-0.1794505,,,,0
2023-08-11 18:59:00,25.7,96,991.9,1.7,192,0,-0.201779,,,,0
2023-08-11 19:00:00,25.7,96,991.9,1.7,190,0,-0.2089476,,,,0
2023-08-11 19:01:00,25.7,96,991.9,1.6,187,0,-0.2042469,,,,0
2023-08-11 19:02:00,25.7,96,991.9,1.6,183,0,-0.2288082,,,,0
2023-08-11 19:03:00,25.7,96,991.9,1.5,179,0,-0.2765207,,,,0
2023-08-11 19:04:00,25.7,96,991.9,1.4,176,0,-0.2809864,,,,0
2023-08-11 19:05:00,25.8,96,992,1.4,176,0,-0.2470236,,,,0
2023-08-11 19:06:00,25.7,96,992,1.4,175,0,-0.2299834,,,,0
2023-08-11 19:07:00,25.7,96,992,1.6,178,0,-0.1935527,,,,0
2023-08-11 19:08:00,25.7,96,992,1.6,183,0,-0.1733396,,,,0
2023-08-11 19:09:00,25.7,96,992.1,1.7,187,0,-0.1772177,,,,0
2023-08-11 19:10:00,25.8,96,992.1,1.7,189,0,-0.1633505,,,,0
2023-08-11 19:11:00,25.7,96,992.1,1.8,190,0,-0.1588848,,,,0
2023-08-11 19:12:00,25.7,96,992.2,1.9,190,0,-0.1420797,,,,0
2023-08-11 19:13:00,25.7,96,992.2,1.9,191,0,-0.1633505,,,,0
2023-08-11 19:14:00,25.7,96,992.2,2,192,0,-0.150306,,,,0
2023-08-11 19:15:00,25.8,96,992.2,2,192,0,-0.1494834,,,,0
2023-08-11 19:16:00,25.7,96,992.3,2.1,192,0,-0.1990761,,,,0
2023-08-11 19:17:00,25.9,96,992.3,2,191,0,-0.19226,,,,0
2023-08-11 19:18:00,25.8,95,992.3,2.1,190,0,-0.1721644,,,,0
2023-08-11 19:19:00,25.7,95,992.4,2.1,189,0,-0.06945337,,,,0
2023-08-11 19:20:00,25.7,95,992.4,2.2,189,0,-0.02350368,,,,0
2023-08-11 19:21:00,25.7,95,992.4,2.2,191,0,-0.009048915,,,,0
2023-08-11 19:22:00,25.7,95,992.4,2.2,193,0,-0.028792,,,,0
2023-08-11 19:23:00,25.7,95,992.5,2.2,195,0,-0.05958182,,,,0
2023-08-11 19:24:00,25.7,95,992.5,2.2,197,0,-0.1040038,,,,0
2023-08-11 19:25:00,25.7,95,992.5,2.3,198,0,-0.1265673,,,,0
2023-08-11 19:26:00,25.7,95,992.5,2.3,200,0,-0.2058922,,,,0
2023-08-11 19:27:00,25.7,95,992.5,2.3,200,0,-0.1330308,,,,0
2023-08-11 19:28:00,25.7,95,992.5,2.2,202,0,-0.1423148,,,,0
2023-08-11 19:29:00,25.7,95,992.5,2,204,0,-0.1387892,,,,0
2023-08-11 19:30:00,25.7,95,992.5,1.9,207,0,-0.1554768,,,,0
2023-08-11 19:31:00,25.7,95,992.5,1.8,210,0,-0.1645257,,,,0
2023-08-11 19:32:00,25.7,95,992.5,1.7,213,0,-0.2503141,,,,0
2023-08-11 19:33:00,25.7,95,992.5,1.6,213,0,-0.2081251,,,,0
2023-08-11 19:34:00,25.7,94,992.5,1.5,214,0,-0.1732221,,,,0
2023-08-11 19:35:00,25.7,94,992.5,1.4,215,0,-0.1781579,,,,0
2023-08-11 19:36:00,25.7,94,992.5,1.3,216,0,-0.1823885,,,,0
2023-08-11 19:37:00,25.7,94,992.5,1.2,219,0,-0.162763,,,,0
2023-08-11 19:38:00,25.7,94,992.5,1.2,221,0,-0.156652,,,,0
2023-08-11 19:39:00,25.6,94,992.6,1.2,222,0,-0.1540666,,,,0
2023-08-11 19:40:00,25.7,94,992.6,1.1,222,0,-0.1682863,,,,0
2023-08-11 19:41:00,25.7,94,992.6,1.1,222,0,-0.188382,,,,0
2023-08-11 19:42:00,25.7,94,992.6,1.1,222,0,-0.1961382,,,,0
2023-08-11 19:43:00,25.7,94,992.6,1,222,0,-0.1940229,,,,0
2023-08-11 19:44:00,25.7,94,992.6,1,221,0,-0.2346842,,,,0
2023-08-11 19:45:00,25.7,94,992.5,1.1,223,0,-0.2104754,,,,0
2023-08-11 19:46:00,25.7,94,992.6,1.1,225,0,-0.1870893,,,,0
2023-08-11 19:47:00,25.7,94,992.6,1.1,228,0,-0.2454959,,,,0
2023-08-11 19:48:00,25.7,94,992.6,1.1,229,0,-0.2038944,,,,0
2023-08-11 19:49:00,25.7,94,992.7,1.1,229,0,-0.1915549,,,,0
2023-08-11 19:50:00,25.7,94,992.7,1.2,229,0,-0.1990761,,,,0
2023-08-11 19:51:00,25.7,94,992.7,1.3,227,0,-0.1655834,,,,0
2023-08-11 19:52:00,25.7,94,992.6,1.4,227,0.5,-0.1524213,,,,0
2023-08-11 19:53:00,25.7,94,992.7,1.6,227,0,-0.1628805,,,,0
2023-08-11 19:54:00,25.7,94,992.7,1.8,228,0,-0.1676988,,,,0
2023-08-11 19:55:00,25.7,94,992.7,1.9,228,0,-0.1591199,,,,0
2023-08-11 19:56:00,25.7,94,992.7,2.1,227,0,-0.1460754,,,,0
2023-08-11 19:57:00,25.7,94,992.7,2.3,225,0,-0.1196337,,,,0
2023-08-11 19:58:00,25.7,94,992.7,2.4,224,0,-0.05911176,,,,0
2023-08-11 19:59:00,25.7,94,992.7,2.5,222,0,-0.08649355,,,,0
2023-08-11 20:00:00,25.7,94,992.7,2.7,221,0,-0.05734899,,,,0
2023-08-11 20:01:00,25.7,94,992.7,2.8,220,0,-0.07650449,,,,0
2023-08-11 20:02:00,25.7,94,992.7,2.9,219,0,-0.08790378,,,,0
2023-08-11 20:03:00,25.7,94,992.7,2.9,219,0,-0.08614101,,,,0
2023-08-11 20:04:00,25.7,94,992.7,3,217,0,-0.102006,,,,0
2023-08-11 20:05:00,25.7,94,992.6,3,215,0,-0.09953811,,,,0
2023-08-11 20:06:00,25.7,94,992.6,2.8,213,0,-0.1114075,,,,0
2023-08-11 20:07:00,25.7,94,992.6,2.7,212,0,-0.1324433,,,,0
2023-08-11 20:08:00,25.7,94,992.6,2.7,212,0,-0.1671112,,,,0
2023-08-11 20:09:00,25.7,94,992.6,2.6,212,0,-0.1211615,,,,0
2023-08-11 20:10:00,25.7,94,992.6,2.4,212,0,-0.1319732,,,,0
2023-08-11 20:11:00,25.6,94,992.6,2.3,212,0,-0.1213965,,,,0
2023-08-11 20:12:00,25.7,94,992.6,2.2,212,0,-0.1390243,,,,0
2023-08-11 20:13:00,25.7,94,992.6,2.2,212,0,-0.1513637,,,,0
2023-08-11 20:14:00,25.6,94,992.6,2,213,0,-0.1417272,,,,0
2023-08-11 20:15:00,25.7,94,992.6,2,213,0,-0.1524214,,,,0
2023-08-11 20:16:00,25.7,94,992.7,2,214,0,-0.1443126,,,,0
2023-08-11 20:17:00,25.7,94,992.7,2,214,0,-0.1423148,,,,0
2023-08-11 20:18:00,25.6,94,992.7,2,215,0,-0.1715769,,,,0
2023-08-11 20:19:00,25.7,94,992.6,2,214,0,-0.1907324,,,,0
2023-08-11 20:20:00,25.6,94,992.6,2,211,0,-0.1471331,,,,0
2023-08-11 20:21:00,25.7,94,992.6,1.9,209,0,-0.1662886,,,,0
2023-08-11 20:22:00,25.7,94,992.6,1.8,207,0,-0.1673463,,,,0
2023-08-11 20:23:00,25.7,94,992.7,1.7,205,0,-0.1761601,,,,0
2023-08-11 20:24:00,25.7,95,992.7,1.7,205,0.5,-0.1557119,,,,0
2023-08-11 20:25:00,25.7,94,992.7,1.7,204,0,-0.1450178,,,,0
2023-08-11 20:26:00,25.7,94,992.7,1.7,205,0,-0.1517163,,,,0
2023-08-11 20:27:00,25.7,94,992.7,1.6,204,0,-0.1454878,,,,0
2023-08-11 20:28:00,25.7,95,992.7,1.5,203,0,-0.1270375,,,,0
2023-08-11 20:29:00,25.6,95,992.7,1.5,203,0,-0.114933,,,,0
2023-08-11 20:30:00,25.8,95,992.7,1.5,203,0,-0.1327958,,,,0
2023-08-11 20:31:00,25.7,95,992.7,1.5,202,0,-0.1121126,,,,0
2023-08-11 20:32:00,25.7,94,992.7,1.5,202,0,-0.1431375,,,,0
2023-08-11 20:33:00,25.7,95,992.7,1.6,201,0,-0.1458404,,,,0
2023-08-11 20:34:00,25.7,95,992.7,1.6,200,0,-0.1470156,,,,0
2023-08-11 20:35:00,25.6,95,992.7,1.5,198,0,-0.1504236,,,,0
2023-08-11 20:36:00,25.7,95,992.7,1.5,194,0,-0.1552419,,,,0
2023-08-11 20:37:00,25.7,95,992.7,1.4,190,0,-0.1523039,,,,0
2023-08-11 20:38:00,25.7,95,992.7,1.4,188,0,-0.1675813,,,,0
2023-08-11 20:39:00,25.7,95,992.7,1.3,185,0,-0.1819186,,,,0
2023-08-11 20:40:00,25.7,95,992.7,1.3,184,0,-0.2091829,,,,0
2023-08-11 20:41:00,25.7,95,992.6,1.1,181,0,-0.2270457,,,,0
2023-08-11 20:42:00,25.7,95,992.6,1.1,180,0,-0.2199946,,,,0
2023-08-11 20:43:00,25.8,95,992.7,1.1,179,0,-0.2107106,,,,0
2023-08-11 20:44:00,25.7,95,992.7,1,175,0,-0.1839164,,,,0
2023-08-11 20:45:00,25.7,95,992.6,1,170,0,-0.1836814,,,,0
2023-08-11 20:46:00,25.7,95,992.6,0.9,166,0,-0.1604127,,,,0
2023-08-11 20:47:00,25.7,95,992.6,0.9,164,0,-0.1820361,,,,0
2023-08-11 20:48:00,25.7,95,992.6,0.9,162,0,-0.2118858,,,,0
2023-08-11 20:49:00,25.7,95,992.6,0.9,159,0,-0.2272807,,,,0
2023-08-11 20:50:00,25.7,95,992.6,0.9,158,0,-0.2305712,,,,0
2023-08-11 20:51:00,25.7,95,992.6,1,157,0,-0.2324515,,,,0
2023-08-11 20:52:00,25.7,95,992.7,1,158,0,-0.2035419,,,,0
2023-08-11 20:53:00,25.7,95,992.6,1,156,0.5,-0.1740448,,,,0
2023-08-11 20:54:00,25.7,95,992.6,1,154,0,-0.1600602,,,,0
2023-08-11 20:55:00,25.7,95,992.7,0.9,153,0,-0.1745149,,,,0
2023-08-11 20:56:00,25.7,95,992.6,0.8,152,0,-0.1924953,,,,0
2023-08-11 20:57:00,25.7,95,992.6,0.8,152,0,-0.2110632,,,,0
2023-08-11 20:58:00,25.7,95,992.6,0.7,151,0,-0.1826237,,,,0
2023-08-11 20:59:00,25.8,95,992.6,0.7,148,0,-0.1751025,,,,0
2023-08-11 21:00:00,25.7,95,992.6,0.7,146,0,-0.178158,,,,0
2023-08-11 21:01:00,25.7,95,992.6,0.6,144,0,-0.1827412,,,,0
2023-08-11 21:02:00,25.7,95,992.6,0.6,140,0,-0.1641733,,,,0
2023-08-11 21:03:00,25.8,95,992.6,0.6,139,0,-0.1507762,,,,0
2023-08-11 21:04:00,25.7,95,992.5,0.6,138,0,-0.1580624,,,,0
2023-08-11 21:05:00,25.8,95,992.5,0.6,136,0,-0.1537142,,,,0
2023-08-11 21:06:00,25.7,95,992.5,0.7,135,0,-0.1454879,,,,0
2023-08-11 21:07:00,25.7,95,992.5,0.8,133,0,-0.1404346,,,,0
2023-08-11 21:08:00,25.7,95,992.4,0.8,132,0,-0.1454879,,,,0
2023-08-11 21:09:00,25.8,95,992.4,0.8,133,0,-0.1431375,,,,0
2023-08-11 21:10:00,25.8,95,992.4,0.8,131,0,-0.1590025,,,,0
2023-08-11 21:11:00,25.8,95,992.4,0.8,130,0,-0.1702843,,,,0
2023-08-11 21:12:00,25.8,95,992.4,0.9,133,0,-0.2112982,,,,0
2023-08-11 21:13:00,25.8,95,992.4,0.9,136,0,-0.1916726,,,,0
2023-08-11 21:14:00,25.8,95,992.4,0.9,140,0,-0.1796858,,,,0
2023-08-11 21:15:00,25.7,94,992.4,0.9,142,0,-0.1612354,,,,0
2023-08-11 21:16:00,25.7,94,992.4,0.8,144,0,-0.1599427,,,,0
2023-08-11 21:17:00,25.8,94,992.4,0.8,147,0,-0.1640558,,,,0
2023-08-11 21:18:00,25.8,94,992.4,0.8,149,0,-0.1854442,,,,0
2023-08-11 21:19:00,25.8,94,992.4,0.8,150,0,-0.1869719,,,,0
2023-08-11 21:20:00,25.7,94,992.4,0.7,155,0,-0.1837989,,,,0
2023-08-11 21:21:00,25.8,94,992.4,0.8,158,0,-0.1705193,,,,0
2023-08-11 21:22:00,25.8,94,992.4,0.8,157,0,-0.1270375,,,,0
2023-08-11 21:23:00,25.8,94,992.4,0.8,156,0,-0.1333835,,,,0
2023-08-11 21:24:00,25.8,94,992.4,0.7,152,0,-0.0687483,,,,0
2023-08-11 21:25:00,25.8,94,992.4,0.7,149,0,-0.03725335,,,,0
2023-08-11 21:26:00,25.8,94,992.4,0.7,145,0,-0.00458322,,,,0
2023-08-11 21:27:00,25.8,94,992.4,0.8,143,0,-0.05629135,,,,0
2023-08-11 21:28:00,25.8,94,992.4,0.8,143,0,-0.0948374,,,,0
2023-08-11 21:29:00,25.9,94,992.4,0.8,141,0,-0.1023586,,,,0
2023-08-11 21:30:00,25.9,94,992.4,0.8,140,0,-0.07004101,,,,0
2023-08-11 21:31:00,25.9,94,992.4,0.9,140,0,-0.03878109,,,,0
2023-08-11 21:32:00,25.9,94,992.4,0.9,140,0,-0.07286145,,,,0
2023-08-11 21:33:00,25.9,94,992.4,0.9,144,0,-0.1111725,,,,0
2023-08-11 21:34:00,25.9,94,992.4,1,150,0,-0.1379667,,,,0
2023-08-11 21:35:00,25.9,94,992.4,1,154,0,-0.09389726,,,,0
2023-08-11 21:36:00,25.9,94,992.4,1,158,0,-0.07286146,,,,0
2023-08-11 21:37:00,26,94,992.4,1,160,0,-0.07662205,,,,0
2023-08-11 21:38:00,25.9,94,992.4,1,161,0,-0.07920746,,,,0
2023-08-11 21:39:00,25.9,94,992.4,1.1,160,0,-0.06040449,,,,0
2023-08-11 21:40:00,25.9,94,992.4,1.1,162,0,-0.04054387,,,,0
2023-08-11 21:41:00,26,94,992.4,1.1,160,0,-0.04430446,,,,0
2023-08-11 21:42:00,25.9,94,992.4,1.2,157,0,-0.06075705,,,,0
2023-08-11 21:43:00,25.9,94,992.4,1.2,154,0,-0.09942061,,,,0
2023-08-11 21:44:00,25.9,94,992.4,1.2,152,0,-0.1280951,,,,0
2023-08-11 21:45:00,25.9,94,992.4,1.2,151,0,-0.07556438,,,,0
2023-08-11 21:46:00,25.9,94,992.4,1.3,152,0,-0.06945342,,,,0
2023-08-11 21:47:00,25.9,93,992.5,1.3,151,0,-0.1107024,,,,0
2023-08-11 21:48:00,25.9,93,992.5,1.3,151,0,-0.1378492,,,,0
2023-08-11 21:49:00,25.8,93,992.5,1.4,154,0,-0.1702843,,,,0
2023-08-11 21:50:00,25.8,93,992.4,1.4,155,0,-0.2040121,,,,0
2023-08-11 21:51:00,25.8,93,992.5,1.4,157,0,-0.1929653,,,,0
2023-08-11 21:52:00,25.8,93,992.4,1.4,158,0,-0.2112982,,,,0
2023-08-11 21:53:00,25.8,93,992.4,1.4,160,0,-0.2292785,,,,0
2023-08-11 21:54:00,25.8,93,992.4,1.3,160,0,-0.277226,,,,0
2023-08-11 21:55:00,25.8,94,992.4,1.2,161,0,-0.2921509,,,,0
2023-08-11 21:56:00,25.8,94,992.4,1.1,161,0,-0.2462012,,,,0
2023-08-11 21:57:00,25.8,94,992.4,1,161,0,-0.2509019,,,,0
2023-08-11 21:58:00,25.8,94,992.4,0.9,163,0,-0.25431,,,,0
2023-08-11 21:59:00,25.7,94,992.3,0.9,161,0,-0.2570128,,,,0
2023-08-11 22:00:00,25.8,94,992.3,0.8,158,0,-0.1848565,,,,0
2023-08-11 22:01:00,25.7,93,992.3,0.9,154,0,-0.2055397,,,,0
2023-08-11 22:02:00,25.7,93,992.3,0.9,150,0,-0.1846215,,,,0
2023-08-11 22:03:00,25.7,94,992.3,0.9,148,0,-0.191085,,,,0
2023-08-11 22:04:00,25.7,93,992.2,1,144,0,-0.0413665,,,,0
2023-08-11 22:05:00,25.7,93,992.2,1.2,142,0,0.03795846,,,,0
2023-08-11 22:06:00,25.7,93,992.2,1.3,142,0,0.02033069,,,,0
2023-08-11 22:07:00,25.6,93,992.2,1.3,142,0,-0.01645258,,,,0
2023-08-11 22:08:00,25.7,93,992.3,1.4,141,0,-0.07544684,,,,0
2023-08-11 22:09:00,25.7,93,992.3,1.5,141,0,-0.1528915,,,,0
2023-08-11 22:10:00,25.7,93,992.2,1.5,142,0,-0.1659361,,,,0
2023-08-11 22:11:00,25.7,93,992.2,1.4,142,0,-0.1647609,,,,0
2023-08-11 22:12:00,25.7,93,992.2,1.4,145,0,-0.1803908,,,,0
2023-08-11 22:13:00,25.7,93,992.3,1.4,145,0,-0.1997814,,,,0
2023-08-11 22:14:00,25.7,93,992.3,1.3,148,0,-0.2150588,,,,0
2023-08-11 22:15:00,25.7,93,992.3,1.2,151,0,-0.1834463,,,,0
2023-08-11 22:16:00,25.7,93,992.3,1.2,152,0,-0.1418448,,,,0
2023-08-11 22:17:00,25.7,93,992.3,1.2,153,0,-0.1548893,,,,0
2023-08-11 22:18:00,25.7,93,992.3,1.1,154,0,-0.1641733,,,,0
2023-08-11 22:19:00,25.7,93,992.3,1.1,154,0,-0.1785105,,,,0
2023-08-11 22:20:00,25.7,93,992.3,1.1,153,0,-0.15912,,,,0
2023-08-11 22:21:00,25.7,93,992.3,1.1,153,0,-0.1397295,,,,0
2023-08-11 22:22:00,25.7,93,992.2,1.1,151,0,-0.1485433,,,,0
2023-08-11 22:23:00,25.7,93,992.2,1.1,152,0,-0.1192813,,,,0
2023-08-11 22:24:00,25.7,93,992.2,1.1,150,0,-0.1298579,,,,0
2023-08-11 22:25:00,25.7,93,992.2,1.1,151,0,-0.1651135,,,,0
2023-08-11 22:26:00,25.7,93,992.2,1.1,151,0,-0.1736923,,,,0
2023-08-11 22:27:00,25.7,93,992.2,1.2,152,0,-0.1875595,,,,0
2023-08-11 22:28:00,25.7,93,992.2,1.2,152,0,-0.1919076,,,,0
2023-08-11 22:29:00,25.7,93,992.2,1.2,152,0,-0.1653485,,,,0
2023-08-11 22:30:00,25.7,93,992.2,1.3,153,0,-0.1315031,,,,0
2023-08-11 22:31:00,25.7,93,992.2,1.2,154,0,-0.1161082,,,,0
2023-08-11 22:32:00,25.7,93,992.2,1.2,154,0,-0.08813885,,,,0
2023-08-11 22:33:00,25.6,93,992.2,1.2,153,0,-0.05582127,,,,0
2023-08-11 22:34:00,25.6,93,992.2,1.1,154,0,-0.03713584,,,,0
2023-08-11 22:35:00,25.6,93,992.2,1.1,152,0,-0.03913365,,,,0
2023-08-11 22:36:00,25.6,93,992.2,1.1,151,0,-0.006345997,,,,0
2023-08-11 22:37:00,25.6,93,992.2,1.1,149,0,0.003408035,,,,0
2023-08-11 22:38:00,25.6,93,992.2,1.1,148,0,-0.05065046,,,,0
2023-08-11 22:39:00,25.6,93,992.2,1.1,147,0,-0.06534027,,,,0
2023-08-11 22:40:00,25.6,93,992.2,1.1,147,0,-0.1264499,,,,0
2023-08-11 22:41:00,25.6,93,992.2,1.2,145,0,-0.1850916,,,,0
2023-08-11 22:42:00,25.6,93,992.2,1.2,147,0,-0.1386718,,,,0
2023-08-11 22:43:00,25.6,93,992.2,1.3,147,0,-0.0910768,,,,0
2023-08-11 22:44:00,25.6,93,992.2,1.3,146,0,-0.04759497,,,,0
2023-08-11 22:45:00,25.6,92,992.2,1.3,146,0,-0.04324679,,,,0
2023-08-11 22:46:00,25.6,92,992.2,1.4,147,0,-0.07391911,,,,0
2023-08-11 22:47:00,25.6,92,992.1,1.4,148,0,-0.0968352,,,,0
2023-08-11 22:48:00,25.6,92,992.1,1.4,146,0,-0.08038262,,,,0
2023-08-11 22:49:00,25.6,92,992.1,1.4,149,0,-0.04101394,,,,0
2023-08-11 22:50:00,25.6,92,992.1,1.4,148,0,0.04606723,,,,0
2023-08-11 22:51:00,25.6,92,992.1,1.4,147,0,0.04171905,,,,0
2023-08-11 22:52:00,25.6,92,992.2,1.4,145,0,0.04277672,,,,0
2023-08-11 22:53:00,25.6,92,992.2,1.4,145,0,0.04641979,,,,0
2023-08-11 22:54:00,25.6,92,992.2,1.5,145,0,-0.02808691,,,,0
2023-08-11 22:55:00,25.7,92,992.2,1.6,145,0,-0.06792567,,,,0
2023-08-11 22:56:00,25.7,92,992.2,1.5,144,0,-0.1284477,,,,0
2023-08-11 22:57:00,25.7,92,992.2,1.6,143,0,-0.1841514,,,,0
2023-08-11 22:58:00,25.7,92,992.2,1.6,144,0,-0.2100055,,,,0
2023-08-11 22:59:00,25.6,92,992.2,1.6,142,0,-0.1590025,,,,0
2023-08-11 23:00:00,25.6,92,992.2,1.7,143,0,-0.1198689,,,,0
2023-08-11 23:01:00,25.6,92,992.2,1.6,145,0,-0.1253922,,,,0
2023-08-11 23:02:00,25.6,92,992.2,1.6,146,0,-0.1721646,,,,0
2023-08-11 23:03:00,25.6,92,992.2,1.7,149,0,-0.1771003,,,,0
2023-08-11 23:04:00,25.6,92,992.2,1.7,150,0,-0.210123,,,,0
2023-08-11 23:05:00,25.6,92,992.2,1.7,151,0,-0.2301012,,,,0
2023-08-11 23:06:00,25.6,92,992.2,1.7,152,0,-0.267002,,,,0
2023-08-11 23:07:00,25.6,92,992.2,1.7,153,0,-0.2900356,,,,0
2023-08-11 23:08:00,25.6,92,992.2,1.7,154,0,-0.2913283,,,,0
2023-08-11 23:09:00,25.6,92,992.2,1.7,155,0,-0.2579531,,,,0
2023-08-11 23:10:00,25.6,92,992.1,1.7,157,0,-0.2105931,,,,0
2023-08-11 23:11:00,25.6,92,992.1,1.7,158,0,-0.225518,,,,0
2023-08-11 23:12:00,25.6,92,992.1,1.7,158,0,-0.1962559,,,,0
2023-08-11 23:13:00,25.6,92,992.1,1.7,156,0,-0.235507,,,,0
2023-08-11 23:14:00,25.6,92,992.1,1.7,154,0,-0.2036595,,,,0
2023-08-11 23:15:00,25.6,92,992.1,1.7,153,0,-0.2494918,,,,0
2023-08-11 23:16:00,25.6,92,992.1,1.7,153,0,-0.2719378,,,,0
2023-08-11 23:17:00,25.5,92,992.1,1.6,153,0,-0.2996722,,,,0
2023-08-11 23:18:00,25.5,92,992.2,1.6,153,0,-0.2967342,,,,0
2023-08-11 23:19:00,25.5,92,992.1,1.6,153,0,-0.2910933,,,,0
2023-08-11 23:20:00,25.5,92,992.1,1.6,151,0,-0.3057831,,,,0
2023-08-11 23:21:00,25.6,92,992.2,1.6,149,0,-0.3181226,,,,0
2023-08-11 23:22:00,25.5,92,992.1,1.5,149,0,-0.3377482,,,,0
2023-08-11 23:23:00,25.5,92,992.2,1.5,151,0,-0.3761767,,,,0
2023-08-11 23:24:00,25.5,92,992.2,1.5,151,0,-0.4119023,,,,0
2023-08-11 23:25:00,25.5,93,992.1,1.4,152,0,-0.3903964,,,,0
2023-08-11 23:26:00,25.6,93,992.1,1.3,151,0,-0.4054388,,,,0
2023-08-11 23:27:00,25.5,93,992.1,1.3,151,0,-0.3949797,,,,0
2023-08-11 23:28:00,25.5,93,992.1,1.4,150,0,-0.4231842,,,,0
2023-08-11 23:29:00,25.5,93,992.1,1.4,150,0,-0.4110797,,,,0
2023-08-11 23:30:00,25.5,93,992.1,1.4,151,0,-0.3681855,,,,0
2023-08-11 23:31:00,25.5,93,992.1,1.4,151,0,-0.3728863,,,,0
2023-08-11 23:32:00,25.5,93,992.1,1.4,151,0,-0.3527906,,,,0
2023-08-11 23:33:00,25.5,93,992.1,1.4,149,0,-0.3496176,,,,0
2023-08-11 23:34:00,25.5,93,992.1,1.5,148,0,-0.3640724,,,,0
2023-08-11 23:35:00,25.5,93,992.1,1.5,148,0,-0.3747666,,,,0
2023-08-11 23:36:00,25.5,93,992.1,1.6,149,0,-0.3954498,,,,0
2023-08-11 23:37:00,25.5,93,992.1,1.5,149,0,-0.4114324,,,,0
2023-08-11 23:38:00,25.5,93,992.1,1.5,149,0,-0.3526731,,,,0
2023-08-11 23:39:00,25.5,93,992.1,1.5,149,0,-0.3408037,,,,0
2023-08-11 23:40:00,25.5,93,992,1.6,149,0,-0.3310497,,,,0
2023-08-11 23:41:00,25.5,93,992,1.6,149,0,-0.3296394,,,,0
2023-08-11 23:42:00,25.5,93,992,1.6,150,0,-0.3534957,,,,0
2023-08-11 23:43:00,25.4,93,992,1.6,152,0,-0.3782921,,,,0
2023-08-11 23:44:00,25.5,93,992,1.6,152,0,-0.3671279,,,,0
2023-08-11 23:45:00,25.5,93,992,1.7,151,0,-0.3938046,,,,0
2023-08-11 23:46:00,25.5,93,992,1.6,152,0,-0.4141352,,,,0
2023-08-11 23:47:00,25.5,93,992,1.7,151,0,-0.4708967,,,,0
2023-08-11 23:48:00,25.5,93,992,1.7,152,0,-0.5054471,,,,0
2023-08-11 23:49:00,25.5,93,992,1.7,153,0,-0.5283633,,,,0
2023-08-11 23:50:00,25.6,93,992,1.7,153,0,-0.4951055,,,,0
2023-08-11 23:51:00,25.4,93,991.9,1.7,154,0,-0.4746573,,,,0
2023-08-11 23:52:00,25.4,93,991.9,1.7,153,0,-0.4800632,,,,0
2023-08-11 23:53:00,25.4,94,991.9,1.7,152,0,-0.431058,,,,0
2023-08-11 23:54:00,25.4,94,991.9,1.7,152,0,-0.4502135,,,,0
2023-08-11 23:55:00,25.5,94,991.9,1.6,153,0,-0.4636106,,,,0
2023-08-11 23:56:00,25.4,94,991.9,1.5,155,0,-0.4713669,,,,0
2023-08-11 23:57:00,25.4,94,991.9,1.5,157,0,-0.4531515,,,,0
2023-08-11 23:58:00,25.4,94,991.9,1.5,158,0,-0.4361113,,,,0
2023-08-11 23:59:00,25.4,94,991.9,1.5,160,0,-0.4697216,,,,0
2023-08-12 00:00:00,25.4,94,991.9,1.6,163,0,-0.5129685,,,,0
2023-08-12 00:01:00,25.4,94,991.9,1.5,164,0,-0.5681915,,,,0
2023-08-12 00:02:00,25.3,94,991.9,1.5,168,0,-0.5718454,,,,0
2023-08-12 00:03:00,25.3,94,991.9,1.4,170,0,-0.5784263,,,,0
2023-08-12 00:04:00,25.3,94,991.9,1.4,172,0,-0.5338868,,,,0
2023-08-12 00:05:00,25.3,94,991.9,1.4,172,0,-0.487467,,,,0
2023-08-12 00:06:00,25.2,94,991.9,1.5,172,0,-0.4691341,,,,0
2023-08-12 00:07:00,25.2,94,992,1.6,173,0,-0.4235369,,,,0
2023-08-12 00:08:00,25.3,93,992,1.6,174,0,-0.4062617,,,,0
2023-08-12 00:09:00,25.2,93,992,1.6,173,0,-0.4075544,,,,0
2023-08-12 00:10:00,25.2,93,992,1.5,171,0,-0.4254172,,,,0
2023-08-12 00:11:00,25.2,93,992,1.5,169,0,-0.4771254,,,,0
2023-08-12 00:12:00,25.2,93,991.9,1.4,167,0,-0.5169643,,,,0
2023-08-12 00:13:00,25.2,93,991.9,1.4,166,0,-0.5144963,,,,0
2023-08-12 00:14:00,25.2,93,991.9,1.4,167,0,-0.5083854,,,,0
2023-08-12 00:15:00,25.2,93,992,1.4,167,0,-0.5244853,,,,0
2023-08-12 00:16:00,25.2,93,991.9,1.4,166,0,-0.5041546,,,,0
2023-08-12 00:17:00,25.2,93,991.9,1.4,163,0,-0.4818261,,,,0
2023-08-12 00:18:00,25.2,93,991.9,1.3,160,0,-0.471602,,,,0
2023-08-12 00:19:00,25.1,93,991.9,1.3,158,0,-0.4738349,,,,0
2023-08-12 00:20:00,25.2,93,991.9,1.3,157,0,-0.4701918,,,,0
2023-08-12 00:21:00,25.2,93,991.9,1.2,157,0,-0.4339961,,,,0
2023-08-12 00:22:00,25.1,93,991.9,1.2,156,0,-0.4131953,,,,0
2023-08-12 00:23:00,25.2,93,991.9,1.2,155,0,-0.3925121,,,,0
2023-08-12 00:24:00,25.2,93,991.9,1.2,152,0,-0.3858135,,,,0
2023-08-12 00:25:00,25.1,93,991.9,1.1,149,0,-0.3715937,,,,0
2023-08-12 00:26:00,25.2,93,991.9,1.2,149,0,-0.3667755,,,,0
2023-08-12 00:27:00,25.2,93,991.9,1.1,148,0,-0.3647777,,,,0
2023-08-12 00:28:00,25.2,93,991.9,1.2,149,0,-0.3814653,,,,0
2023-08-12 00:29:00,25.2,93,991.9,1.2,150,0,-0.4190713,,,,0
2023-08-12 00:30:00,25.2,93,991.9,1.2,150,0,-0.4527991,,,,0
2023-08-12 00:31:00,25.3,93,991.9,1.2,151,0,-0.467959,,,,0
2023-08-12 00:32:00,25.2,93,991.9,1.2,151,0,-0.4569122,,,,0
2023-08-12 00:33:00,25.3,93,991.9,1.2,151,0,-0.4570297,,,,0
2023-08-12 00:34:00,25.4,93,991.9,1.2,153,0,-0.4804159,,,,0
2023-08-12 00:35:00,25.2,93,991.9,1.2,153,0,-0.4627881,,,,0
2023-08-12 00:36:00,25.2,93,991.9,1.2,152,0,-0.4504488,,,,0
2023-08-12 00:37:00,25.2,93,991.9,1.2,152,0,-0.4395196,,,,0
2023-08-12 00:38:00,25.2,93,991.9,1.1,151,0,-0.4162509,,,,0
2023-08-12 00:39:00,25.2,93,991.9,1.1,152,0,-0.3907492,,,,0
2023-08-12 00:40:00,25.3,93,991.9,1.2,153,0,-0.429883,,,,0
2023-08-12 00:41:00,25.2,93,991.8,1.1,152,0,-0.4250648,,,,0
2023-08-12 00:42:00,25.2,93,991.8,1.1,154,0,-0.3795851,,,,0
2023-08-12 00:43:00,25.3,93,991.8,1.2,153,0,-0.4074371,,,,0
2023-08-12 00:44:00,25.3,93,991.8,1.2,153,0,-0.4248298,,,,0
2023-08-12 00:45:00,25.2,93,991.8,1.2,152,0,-0.4368168,,,,0
2023-08-12 00:46:00,25.2,93,991.8,1.1,151,0,-0.435524,,,,0
2023-08-12 00:47:00,25.2,93,991.8,1.1,153,0,-0.4319985,,,,0
2023-08-12 00:48:00,25.2,93,991.8,1.1,157,0,-0.4331736,,,,0
2023-08-12 00:49:00,25.2,93,991.8,1.1,162,0,-0.4409299,,,,0
2023-08-12 00:50:00,25.2,93,991.8,1.1,168,0,-0.4630234,,,,0
2023-08-12 00:51:00,25.3,93,991.8,1.1,175,0,-0.4510365,,,,0
2023-08-12 00:52:00,25.2,93,991.7,1.1,177,0,-0.4248298,,,,0
2023-08-12 00:53:00,25.2,93,991.8,1.1,183,0,-0.4032064,,,,0
2023-08-12 00:54:00,25.3,93,991.7,1,189,0,-0.3907495,,,,0
2023-08-12 00:55:00,25.3,93,991.7,1,191,0,-0.3826407,,,,0
2023-08-12 00:56:00,25.2,93,991.8,1,191,0,-0.3760596,,,,0
2023-08-12 00:57:00,25.2,93,991.7,1,190,0,-0.3690085,,,,0
2023-08-12 00:58:00,25.2,93,991.7,1,191,0,-0.3619574,,,,0
2023-08-12 00:59:00,25.2,93,991.7,1,188,0,-0.3332828,,,,0
2023-08-12 01:00:00,25.2,93,991.7,1,186,0,-0.3107193,,,,0
2023-08-12 01:01:00,25.2,93,991.8,1,184,0,-0.2501972,,,,0
2023-08-12 01:02:00,25.2,93,991.8,1,184,0,-0.1846218,,,,0
2023-08-12 01:03:00,25.1,93,991.8,1,184,0,-0.1201041,,,,0
2023-08-12 01:04:00,25.1,93,991.8,1,183,0,-0.07121629,,,,0
2023-08-12 01:05:00,25.2,93,991.8,1.1,184,0,-0.06863089,,,,0
2023-08-12 01:06:00,25.2,92,991.8,1.2,184,0,-0.0983631,,,,0
2023-08-12 01:07:00,25.1,92,991.8,1.3,183,0,-0.119399,,,,0
2023-08-12 01:08:00,25.2,92,991.8,1.3,181,0,-0.132561,,,,0
2023-08-12 01:09:00,25.2,92,991.8,1.4,178,0,-0.1188114,,,,0
2023-08-12 01:10:00,25.2,92,991.7,1.5,175,0,-0.07979516,,,,0
2023-08-12 01:11:00,25.2,92,991.8,1.5,172,0,-0.05723158,,,,0
2023-08-12 01:12:00,25.2,92,991.8,1.7,169,0,-0.07109877,,,,0
2023-08-12 01:13:00,25.2,92,991.8,1.8,167,0,-0.06428269,,,,0
2023-08-12 01:14:00,25.2,92,991.8,1.8,166,0,-0.0882565,,,,0
2023-08-12 01:15:00,25.2,92,991.7,1.8,163,0,-0.1236296,,,,0
2023-08-12 01:16:00,25.2,92,991.8,1.7,161,0,-0.1284479,,,,0
2023-08-12 01:17:00,25.2,92,991.7,1.8,159,0,-0.132561,,,,0
2023-08-12 01:18:00,25.2,92,991.7,1.7,158,0,-0.1594728,,,,0
2023-08-12 01:19:00,25.2,92,991.7,1.7,157,0,-0.1443129,,,,0
2023-08-12 01:20:00,25.2,92,991.6,1.7,156,0,-0.1185763,,,,0
2023-08-12 01:21:00,25.3,92,991.6,1.7,156,0,-0.1181062,,,,0
2023-08-12 01:22:00,25.3,92,991.6,1.6,156,0,-0.1367917,,,,0
2023-08-12 01:23:00,25.3,92,991.6,1.5,154,0,-0.0882565,,,,0
2023-08-12 01:24:00,25.3,92,991.6,1.4,153,0,-0.06498782,,,,0
2023-08-12 01:25:00,25.4,92,991.6,1.4,152,0,-0.08073531,,,,0
2023-08-12 01:26:00,25.3,92,991.6,1.4,152,0,-0.1305632,,,,0
2023-08-12 01:27:00,25.3,92,991.6,1.4,153,0,-0.157475,,,,0
2023-08-12 01:28:00,25.3,92,991.6,1.3,153,0,-0.1405523,,,,0
2023-08-12 01:29:00,25.3,92,991.6,1.3,152,0,-0.1595903,,,,0
2023-08-12 01:30:00,25.3,92,991.5,1.3,151,0,-0.1548896,,,,0
2023-08-12 01:31:00,25.3,92,991.5,1.2,149,0,-0.1872072,,,,0
2023-08-12 01:32:00,25.3,92,991.5,1.3,150,0,-0.1500713,,,,0
2023-08-12 01:33:00,25.3,92,991.5,1.3,149,0,-0.1548896,,,,0
2023-08-12 01:34:00,25.3,92,991.5,1.3,148,0,-0.1594728,,,,0
2023-08-12 01:35:00,25.3,92,991.5,1.2,148,0,-0.2150591,,,,0
2023-08-12 01:36:00,25.3,92,991.5,1.2,147,0,-0.2069504,,,,0
2023-08-12 01:37:00,25.3,92,991.5,1.1,146,0,-0.2074204,,,,0
2023-08-12 01:38:00,25.3,92,991.5,1.2,146,0,-0.2425585,,,,0
2023-08-12 01:39:00,25.4,92,991.5,1.2,148,0,-0.2955594,,,,0
2023-08-12 01:40:00,25.4,92,991.5,1.2,150,0,-0.3504406,,,,0
2023-08-12 01:41:00,25.3,92,991.5,1.3,150,0,-0.4000335,,,,0
2023-08-12 01:42:00,25.3,92,991.4,1.3,150,0,-0.4531519,,,,0
2023-08-12 01:43:00,25.3,92,991.5,1.4,151,0,-0.5008645,,,,0
2023-08-12 01:44:00,25.4,93,991.4,1.3,152,0,-0.4714849,,,,0
2023-08-12 01:45:00,25.3,93,991.4,1.3,152,0,-0.44093,,,,0
2023-08-12 01:46:00,25.3,93,991.4,1.3,152,0,-0.4752454,,,,0
2023-08-12 01:47:00,25.3,93,991.4,1.3,153,0,-0.482179,,,,0
2023-08-12 01:48:00,25.4,93,991.4,1.3,153,0,-0.5124988,,,,0
2023-08-12 01:49:00,25.3,93,991.4,1.3,152,0,-0.5322419,,,,0
2023-08-12 01:50:00,25.3,93,991.4,1.2,152,0,-0.5167294,,,,0
2023-08-12 01:51:00,25.3,93,991.4,1.2,153,0,-0.5347098,,,,0
2023-08-12 01:52:00,25.3,93,991.4,1.1,152,0,-0.5371777,,,,0
2023-08-12 01:53:00,25.3,93,991.3,1.1,152,0,-0.4893477,,,,0
2023-08-12 01:54:00,25.4,93,991.3,1.1,152,0,-0.4788884,,,,0
2023-08-12 01:55:00,25.3,93,991.4,1.2,154,0,-0.4592628,,,,0
2023-08-12 01:56:00,25.5,93,991.3,1.3,155,0,-0.463611,,,,0
2023-08-12 01:57:00,25.4,93,991.3,1.3,155,0,-0.4425752,,,,0
2023-08-12 01:58:00,25.3,93,991.3,1.2,154,0,-0.3936875,,,,0
2023-08-12 01:59:00,25.3,93,991.3,1.2,155,0,-0.4186014,,,,0
2023-08-12 02:00:00,25.3,93,991.3,1.3,154,0,-0.3868714,,,,0
2023-08-12 02:01:00,25.3,93,991.3,1.3,154,0,-0.3887517,,,,0
2023-08-12 02:02:00,25.4,93,991.2,1.3,154,0,-0.3807604,,,,0
2023-08-12 02:03:00,25.3,93,991.2,1.3,154,0,-0.371829,,,,0
2023-08-12 02:04:00,25.3,93,991.2,1.3,153,0,-0.4241248,,,,0
2023-08-12 02:05:00,25.4,93,991.2,1.3,151,0,-0.4419877,,,,0
2023-08-12 02:06:00,25.3,93,991.2,1.2,149,0,-0.4277679,,,,0
2023-08-12 02:07:00,25.3,93,991.2,1.2,149,0,-0.443633,,,,0
2023-08-12 02:08:00,25.4,93,991.2,1.1,150,0,-0.4220095,,,,0
2023-08-12 02:09:00,25.3,93,991.2,1,150,0,-0.4308234,,,,0
2023-08-12 02:10:00,25.3,93,991.2,0.9,152,0,-0.4678418,,,,0
2023-08-12 02:11:00,25.3,93,991.2,0.8,153,0,-0.4854696,,,,0
2023-08-12 02:12:00,25.4,93,991.2,0.8,154,0,-0.5208427,,,,0
2023-08-12 02:13:00,25.3,93,991.2,0.7,156,0,-0.570318,,,,0
2023-08-12 02:14:00,25.3,93,991.2,0.6,159,0,-0.5946445,,,,0
2023-08-12 02:15:00,25.3,93,991.2,0.6,163,0,-0.5674976,,,,0
2023-08-12 02:16:00,25.3,93,991.2,0.6,166,0,-0.5553933,,,,0
2023-08-12 02:17:00,25.3,93,991.2,0.6,165,0,-0.4775958,,,,0
2023-08-12 02:18:00,25.3,93,991.2,0.6,165,0,-0.497339,,,,0
2023-08-12 02:19:00,25.3,93,991.2,0.7,165,0,-0.5310668,,,,0
2023-08-12 02:20:00,25.3,93,991.2,0.7,165,0,-0.5344749,,,,0
2023-08-12 02:21:00,25.2,93,991.2,0.7,164,0,-0.5686728,,,,0
2023-08-12 02:22:00,25.2,93,991.2,0.7,162,0,-0.5658525,,,,0
2023-08-12 02:23:00,25.3,94,991.2,0.7,158,0,-0.556686,,,,0
2023-08-12 02:24:00,25.3,94,991.2,0.7,157,0,-0.5958198,,,,0
2023-08-12 02:25:00,25.2,94,991.2,0.7,154,0,-0.5593891,,,,0
2023-08-12 02:26:00,25.3,94,991.2,0.8,155,0,-0.5652649,,,,0
2023-08-12 02:27:00,25.2,94,991.2,0.9,155,0,-0.4807689,,,,0
2023-08-12 02:28:00,25.2,94,991.2,0.9,154,0,-0.4866449,,,,0
2023-08-12 02:29:00,25.3,94,991.1,0.9,151,0,-0.5028624,,,,0
2023-08-12 02:30:00,25.2,94,991.1,0.9,149,0,-0.4736003,,,,0
2023-08-12 02:31:00,25.2,94,991.1,0.9,148,0,-0.4578528,,,,0
2023-08-12 02:32:00,25.3,94,991.1,1,148,0,-0.4740703,,,,0
2023-08-12 02:33:00,25.2,94,991.1,1,150,0,-0.4636112,,,,0
2023-08-12 02:34:00,25.2,94,991.1,1.1,151,0,-0.4620835,,,,0
2023-08-12 02:35:00,25.3,94,991.1,1.2,152,0,-0.4693696,,,,0
2023-08-12 02:36:00,25.2,93,991.1,1.2,151,0,-0.4951062,,,,0
2023-08-12 02:37:00,25.3,93,991.1,1.2,151,0,-0.4820616,,,,0
2023-08-12 02:38:00,25.3,93,991.1,1.2,152,0,-0.4428103,,,,0
2023-08-12 02:39:00,25.2,93,991.1,1.2,153,0,-0.4374045,,,,0
2023-08-12 02:40:00,25.2,93,991.1,1.2,154,0,-0.4322337,,,,0
2023-08-12 02:41:00,25.3,93,991.2,1.3,156,0,-0.3742969,,,,0
2023-08-12 02:42:00,25.3,93,991.1,1.3,156,0,-0.3511458,,,,0
2023-08-12 02:43:00,25.3,93,991.2,1.3,155,0,-0.3507932,,,,0
2023-08-12 02:44:00,25.3,93,991.2,1.3,155,0,-0.3563167,,,,0
2023-08-12 02:45:00,25.3,93,991.2,1.3,153,0,-0.3903971,,,,0
2023-08-12 02:46:00,25.3,93,991.2,1.3,154,0,-0.4347016,,,,0
2023-08-12 02:47:00,25.3,93,991.1,1.2,154,0,-0.4924032,,,,0
2023-08-12 02:48:00,25.3,93,991.1,1.1,153,0,-0.5230756,,,,0
2023-08-12 02:49:00,25.4,93,991.1,1.1,152,0,-0.493931,,,,0
2023-08-12 02:50:00,25.3,93,991.2,1,151,0,-0.4727776,,,,0
2023-08-12 02:51:00,25.4,93,991.1,0.9,149,0,-0.4667842,,,,0
2023-08-12 02:52:00,25.3,93,991.1,0.9,149,0,-0.4158986,,,,0
2023-08-12 02:53:00,25.4,93,991.2,0.8,149,0,-0.4044993,,,,0
2023-08-12 02:54:00,25.3,93,991.2,0.8,149,0,-0.4195416,,,,0
2023-08-12 02:55:00,25.4,93,991.2,0.8,151,0,-0.4520943,,,,0
2023-08-12 02:56:00,25.3,93,991.2,0.8,151,0,-0.437287,,,,0
2023-08-12 02:57:00,25.4,93,991.2,0.8,151,0,-0.4704273,,,,0
2023-08-12 02:58:00,25.3,92,991.2,0.8,151,0,-0.446571,,,,0
2023-08-12 02:59:00,25.3,92,991.2,0.8,152,0,-0.4553849,,,,0
2023-08-12 03:00:00,25.3,92,991.2,0.8,154,0,-0.4247125,,,,0
2023-08-12 03:01:00,25.3,93,991.2,0.8,155,0,-0.4195417,,,,0
2023-08-12 03:02:00,25.4,93,991.2,0.7,156,0,-0.373827,,,,0
2023-08-12 03:03:00,25.4,92,991.2,0.8,157,0,-0.3620751,,,,0
2023-08-12 03:04:00,25.3,92,991.2,0.7,158,0,-0.3538488,,,,0
2023-08-12 03:05:00,25.3,92,991.2,0.7,158,0,-0.2976748,,,,0
2023-08-12 03:06:00,25.3,92,991.2,0.7,155,0,-0.3030807,,,,0
2023-08-12 03:07:00,25.3,92,991.2,0.7,154,0,-0.3323428,,,,0
2023-08-12 03:08:00,25.3,92,991.2,0.7,154,0,-0.2960295,,,,0
2023-08-12 03:09:00,25.4,92,991.2,0.7,152,0,-0.3061362,,,,0
2023-08-12 03:10:00,25.4,92,991.2,0.7,148,0,-0.3134224,,,,0
2023-08-12 03:11:00,25.3,92,991.2,0.7,145,0,-0.342567,,,,0
2023-08-12 03:12:00,25.3,92,991.2,0.6,144,0,-0.3498531,,,,0
2023-08-12 03:13:00,25.3,92,991.2,0.6,141,0,-0.3321078,,,,0
2023-08-12 03:14:00,25.3,92,991.2,0.6,142,0,-0.3071938,,,,0
2023-08-12 03:15:00,25.3,92,991.2,0.7,142,0,-0.2709981,,,,0
2023-08-12 03:16:00,25.4,92,991.2,0.7,144,0,-0.236095,,,,0
2023-08-12 03:17:00,25.3,92,991.2,0.8,147,0,-0.1987241,,,,0
2023-08-12 03:18:00,25.3,92,991.2,0.8,146,0,-0.2078906,,,,0
2023-08-12 03:19:00,25.3,92,991.2,0.9,147,0,-0.1754554,,,,0
2023-08-12 03:20:00,25.3,92,991.2,0.8,149,0,-0.084966,,,,0
2023-08-12 03:21:00,25.4,92,991.2,0.9,150,0,-0.07521196,,,,0
2023-08-12 03:22:00,25.4,92,991.2,1,150,0,-0.07015865,,,,0
2023-08-12 03:23:00,25.4,91,991.2,1.1,151,0,-0.01245698,,,,0
2023-08-12 03:24:00,25.4,91,991.2,1,150,0,0.02785192,,,,0
2023-08-12 03:25:00,25.4,91,991.2,1,152,0,0.1068245,,,,0
2023-08-12 03:26:00,25.4,91,991.2,1,149,0,0.1968438,,,,0
2023-08-12 03:27:00,25.4,91,991.2,1,145,0,0.2359775,,,,0
2023-08-12 03:28:00,25.4,91,991.2,1.1,145,0,0.2389154,,,,0
2023-08-12 03:29:00,25.4,91,991.2,1.2,143,0,0.2198774,,,,0
2023-08-12 03:30:00,25.5,91,991.2,1.3,141,0,0.2184672,,,,0
2023-08-12 03:31:00,25.4,91,991.2,1.2,143,0,0.2541929,,,,0
2023-08-12 03:32:00,25.4,91,991.2,1.1,143,0,0.2865105,,,,0
2023-08-12 03:33:00,25.4,91,991.2,1.1,144,0,0.261479,,,,0
2023-08-12 03:34:00,25.4,91,991.2,1.2,144,0,0.2249307,,,,0
2023-08-12 03:35:00,25.5,91,991.1,1.2,143,0,0.1553597,,,,0
2023-08-12 03:36:00,25.5,91,991.2,1.1,142,0,0.09660035,,,,0
2023-08-12 03:37:00,25.5,91,991.2,1,146,0,0.03807604,,,,0
2023-08-12 03:38:00,25.5,91,991.2,0.9,148,0,0.006933601,,,,0
2023-08-12 03:39:00,25.5,91,991.2,0.7,152,0,-0.02021321,,,,0
2023-08-12 03:40:00,25.5,91,991.2,0.6,159,0,-0.002820448,,,,0
2023-08-12 03:41:00,25.5,91,991.3,0.6,159,0,0.01233946,,,,0
2023-08-12 03:42:00,25.5,91,991.2,0.7,161,0,0.03795853,,,,0
2023-08-12 03:43:00,25.5,91,991.2,0.6,161,0,0.07192143,,,,0
2023-08-12 03:44:00,25.5,91,991.2,0.6,165,0,0.07133383,,,,0
2023-08-12 03:45:00,25.5,91,991.2,0.7,165,0,0.05993453,,,,0
2023-08-12 03:46:00,25.5,91,991.2,0.6,171,0,0.06016956,,,,0
2023-08-12 03:47:00,25.5,91,991.2,0.6,174,0,0.1345589,,,,0
2023-08-12 03:48:00,25.5,91,991.2,0.7,168,0,0.1585327,,,,0
2023-08-12 03:49:00,25.5,91,991.2,0.8,169,0,0.1431377,,,,0
2023-08-12 03:50:00,25.5,91,991.3,0.8,170,0,0.1206917,,,,0
2023-08-12 03:51:00,25.5,91,991.3,0.8,173,0,0.1049442,,,,0
2023-08-12 03:52:00,25.5,91,991.3,0.8,175,0,0.06804331,,,,0
2023-08-12 03:53:00,25.5,91,991.3,0.8,178,0,0.01657013,,,,0
2023-08-12 03:54:00,25.6,91,991.3,0.7,182,0,0.01645261,,,,0
2023-08-12 03:55:00,25.5,91,991.3,0.7,187,0,0.1115252,,,,0
2023-08-12 03:56:00,25.5,91,991.3,0.8,181,0,0.2620666,,,,0
2023-08-12 03:57:00,25.4,91,991.3,0.8,176,0,0.3180055,,,,0
2023-08-12 03:58:00,25.4,91,991.3,0.9,178,0,0.3664232,,,,0
2023-08-12 03:59:00,25.4,91,991.3,0.9,175,0,0.3827583,,,,0
2023-08-12 04:00:00,25.5,90,991.3,0.9,171,0,0.3634852,,,,0
2023-08-12 04:01:00,25.5,90,991.3,0.9,168,0,0.3194157,,,,0
2023-08-12 04:02:00,25.5,90,991.3,0.9,165,0,0.2276336,,,,0
2023-08-12 04:03:00,25.6,91,991.3,0.9,162,0,0.1615881,,,,0
2023-08-12 04:04:00,25.6,91,991.3,1,159,0,0.08296817,,,,0
2023-08-12 04:05:00,25.6,91,991.3,1,157,0,0.04066145,,,,0
2023-08-12 04:06:00,25.5,91,991.3,1,157,0,0.01163435,,,,0
2023-08-12 04:07:00,25.6,91,991.3,0.9,156,0,-0.02197599,,,,0
2023-08-12 04:08:00,25.5,91,991.3,0.7,157,0,-0.005993452,,,,0
2023-08-12 04:09:00,25.5,91,991.3,0.7,159,0,0.02820448,,,,0
2023-08-12 04:10:00,25.4,91,991.3,0.6,160,0,0.07215645,,,,0
2023-08-12 04:11:00,25.4,91,991.3,0.7,157,0,0.07474186,,,,0
2023-08-12 04:12:00,25.4,92,991.3,0.7,154,0,0.04395197,,,,0
2023-08-12 04:13:00,25.4,92,991.3,0.6,151,0,0.02268109,,,,0
2023-08-12 04:14:00,25.4,92,991.3,0.6,151,0,0.00951901,,,,0
2023-08-12 04:15:00,25.5,92,991.3,0.6,152,0,0.02867454,,,,0
2023-08-12 04:16:00,25.4,92,991.3,0.6,152,0,0.0517082,,,,0
2023-08-12 04:17:00,25.4,92,991.3,0.6,153,0,0.07909005,,,,0
2023-08-12 04:18:00,25.4,92,991.3,0.8,154,0,0.1186938,,,,0
2023-08-12 04:19:00,25.5,92,991.3,0.8,153,0,0.1546545,,,,0
2023-08-12 04:20:00,25.4,92,991.3,0.9,151,0,0.2093007,,,,0
2023-08-12 04:21:00,25.4,92,991.3,0.9,151,0,0.1991941,,,,0
2023-08-12 04:22:00,25.4,92,991.3,0.8,152,0,0.1483085,,,,0
2023-08-12 04:23:00,25.4,92,991.3,0.7,154,0,0.1476034,,,,0
2023-08-12 04:24:00,25.4,92,991.3,0.8,154,0,0.1364391,,,,0
2023-08-12 04:25:00,25.5,92,991.3,0.8,154,0,0.1712247,,,,0
2023-08-12 04:26:00,25.4,92,991.3,0.8,155,0,0.1629984,,,,0
2023-08-12 04:27:00,25.5,91,991.3,0.8,154,0,0.1338537,,,,0
2023-08-12 04:28:00,25.4,92,991.3,0.8,152,0,0.1049441,,,,0
2023-08-12 04:29:00,25.5,92,991.3,0.8,151,0,0.1155208,,,,0
2023-08-12 04:30:00,25.4,92,991.3,0.7,154,0,0.1260975,,,,0
2023-08-12 04:31:00,25.4,92,991.3,0.7,158,0,0.1150507,,,,0
2023-08-12 04:32:00,25.4,92,991.3,0.8,160,0,0.09166455,,,,0
2023-08-12 04:33:00,25.4,92,991.3,0.8,161,0,0.05699654,,,,0
2023-08-12 04:34:00,25.4,92,991.3,0.8,161,0,0.03819356,,,,0
2023-08-12 04:35:00,25.4,92,991.2,0.8,162,0,0.003055485,,,,0
2023-08-12 04:36:00,25.5,92,991.3,0.8,163,0,-0.02937966,,,,0
2023-08-12 04:37:00,25.4,92,991.2,0.8,165,0,-0.04324686,,,,0
2023-08-12 04:38:00,25.4,92,991.2,0.8,166,0,-0.08802146,,,,0
2023-08-12 04:39:00,25.4,92,991.2,0.9,165,0,-0.1579451,,,,0
2023-08-12 04:40:00,25.4,92,991.3,0.9,163,0,-0.2195248,,,,0
2023-08-12 04:41:00,25.4,92,991.3,1,161,0,-0.2437337,,,,0
2023-08-12 04:42:00,25.4,92,991.3,1,159,0,-0.2563082,,,,0
2023-08-12 04:43:00,25.4,92,991.3,1.1,158,0,-0.2690002,,,,0
2023-08-12 04:44:00,25.4,92,991.3,1.2,157,0,-0.2550155,,,,0
2023-08-12 04:45:00,25.4,92,991.3,1.3,156,0,-0.2074204,,,,0
2023-08-12 04:46:00,25.4,92,991.2,1.3,154,0,-0.1753378,,,,0
2023-08-12 04:47:00,25.4,92,991.3,1.4,153,0,-0.1392596,,,,0
2023-08-12 04:48:00,25.4,92,991.3,1.4,152,0,-0.08978424,,,,0
2023-08-12 04:49:00,25.4,92,991.3,1.4,151,0,0.01069419,,,,0
2023-08-12 04:50:00,25.4,92,991.3,1.5,150,0,0.08978423,,,,0
2023-08-12 04:51:00,25.4,92,991.3,1.5,150,0,0.1032989,,,,0
2023-08-12 04:52:00,25.4,92,991.2,1.6,149,0,0.05511624,,,,0
2023-08-12 04:53:00,25.4,92,991.2,1.6,148,0,0.007051118,,,,0
2023-08-12 04:54:00,25.4,92,991.3,1.7,147,0,-0.01551246,,,,0
2023-08-12 04:55:00,25.4,92,991.2,1.6,145,0,0.00517082,,,,0
2023-08-12 04:56:00,25.4,92,991.2,1.6,145,0,0.004583227,,,,0
2023-08-12 04:57:00,25.4,92,991.2,1.6,145,0,0.01833291,,,,0
2023-08-12 04:58:00,25.4,92,991.2,1.6,145,0,0.02561906,,,,0
2023-08-12 04:59:00,25.4,92,991.2,1.6,145,0,0.02044824,,,,0
2023-08-12 05:00:00,25.3,92,991.2,1.5,144,0,0.0002350371,,,,0
2023-08-12 05:01:00,25.5,92,991.2,1.4,144,0,-0.0309074,,,,0
2023-08-12 05:02:00,25.4,92,991.2,1.3,144,0,-0.1000083,,,,0
2023-08-12 05:03:00,25.4,92,991.1,1.2,143,0,-0.1002434,,,,0
2023-08-12 05:04:00,25.3,92,991.2,1.2,142,0,-0.0958952,,,,0
2023-08-12 05:05:00,25.4,92,991.2,1.1,143,0,-0.03936874,,,,0
2023-08-12 05:06:00,25.5,92,991.2,1.1,142,0,0.03513807,,,,0
2023-08-12 05:07:00,25.3,92,991.2,1.1,141,0,0.05911187,,,,0
2023-08-12 05:08:00,25.4,92,991.2,1,142,0,0.06040457,,,,0
2023-08-12 05:09:00,25.4,92,991.2,1,142,0,0.05100307,,,,0
2023-08-12 05:10:00,25.4,92,991.2,1,144,0,0.05946442,,,,0
2023-08-12 05:11:00,25.3,92,991.2,1,144,0,0.06193232,,,,0
2023-08-12 05:12:00,25.3,92,991.2,1,142,0,0.09001928,,,,0
2023-08-12 05:13:00,25.3,92,991.2,1,144,0,0.1827415,,,,0
2023-08-12 05:14:00,25.4,92,991.2,1,145,0,0.3235288,,,,0
2023-08-12 05:15:00,25.3,92,991.1,1,146,0,0.4879374,,,,0
2023-08-12 05:16:00,25.3,92,991.2,0.9,147,0,0.7068746,,,,0
2023-08-12 05:17:00,25.4,92,991.2,0.9,147,0,1.048971,,,,0
2023-08-12 05:18:00,25.3,92,991.2,1,148,0,1.502828,,,,0
2023-08-12 05:19:00,25.3,92,991.1,0.9,147,0,1.918609,,,,0
2023-08-12 05:20:00,25.3,92,991.1,0.9,145,0,2.256828,,,,0
2023-08-12 05:21:00,25.3,91,991.1,1,144,0,2.519247,,,,0
2023-08-12 05:22:00,25.4,91,991.1,1,146,0,2.782489,,,,0
2023-08-12 05:23:00,25.3,91,991.2,0.9,145,0,3.108603,,,,0
2023-08-12 05:24:00,25.3,92,991.1,0.9,145,0,3.443884,,,,0
2023-08-12 05:25:00,25.3,91,991.2,0.9,147,0,3.809132,,,,0
2023-08-12 05:26:00,25.3,91,991.2,0.9,145,0,4.183546,,,,0
2023-08-12 05:27:00,25.3,91,991.2,0.9,143,0,4.607906,,,,0
2023-08-12 05:28:00,25.3,91,991.2,0.8,141,0,5.128513,,,,0
2023-08-12 05:29:00,25.3,91,991.2,0.9,143,0,5.688372,,,,0
2023-08-12 05:30:00,25.3,92,991.2,0.8,144,0,6.280314,,,,0
2023-08-12 05:31:00,25.3,92,991.3,0.9,146,0,7.067925,,,,0
2023-08-12 05:32:00,25.4,92,991.3,0.9,144,0,7.941089,,,,0
2023-08-12 05:33:00,25.3,92,991.3,1,145,0,8.892755,,,,0
2023-08-12 05:34:00,25.3,92,991.2,1.1,145,0,10.12741,,,,0
2023-08-12 05:35:00,25.3,92,991.3,1,143,0,11.39096,,,,0
2023-08-12 05:36:00,25.3,91,991.3,1.1,144,0,12.31924,,,,0
2023-08-12 05:37:00,25.3,91,991.3,1.2,146,0,12.78392,,,,0
2023-08-12 05:38:00,25.3,91,991.3,1.2,146,0,13.22097,,,,0
2023-08-12 05:39:00,25.3,92,991.3,1.2,145,0,14.10259,,,,0
2023-08-12 05:40:00,25.3,91,991.3,1.2,143,0,15.11549,,,,0
2023-08-12 05:41:00,25.3,91,991.3,1.2,143,0,15.38977,,,,0
2023-08-12 05:42:00,25.3,90,991.3,1.2,143,0,15.53397,,,,0
2023-08-12 05:43:00,25.3,90,991.3,1.2,141,0,15.90274,,,,0
2023-08-12 05:44:00,25.3,91,991.3,1.2,140,0,16.13954,,,,0
2023-08-12 05:45:00,25.3,90,991.3,1.2,141,0,17.0127,,,,0
2023-08-12 05:46:00,25.4,90,991.3,1.2,141,0,18.43421,,,,0
2023-08-12 05:47:00,25.4,90,991.3,1.3,139,0,19.93762,,,,0
2023-08-12 05:48:00,25.4,89,991.3,1.3,141,0,21.44692,,,,0
2023-08-12 05:49:00,25.3,90,991.3,1.3,141,0,22.94669,,,,0
2023-08-12 05:50:00,25.4,89,991.4,1.3,141,0,24.46503,,,,0
2023-08-12 05:51:00,25.4,89,991.4,1.3,142,0,25.97938,,,,0
2023-08-12 05:52:00,25.4,89,991.4,1.4,142,0,27.42192,,,,0
2023-08-12 05:53:00,25.4,89,991.4,1.5,143,0,28.81651,,,,0
2023-08-12 05:54:00,25.4,89,991.4,1.5,144,0,30.25011,,,,0
2023-08-12 05:55:00,25.4,89,991.4,1.5,144,0,31.86012,,,,0
2023-08-12 05:56:00,25.4,89,991.4,1.6,145,0,33.61103,,,,0
2023-08-12 05:57:00,25.4,89,991.4,1.6,146,0,35.62918,,,,0
2023-08-12 05:58:00,25.5,89,991.4,1.5,146,0,37.83124,,,,0
2023-08-12 05:59:00,25.4,89,991.4,1.5,146,0,40.1654,,,,0
2023-08-12 06:00:00,25.5,89,991.5,1.5,146,0,44.86004,,,,0
2023-08-12 06:01:00,25.5,89,991.5,1.5,146,0,57.98475,,,,0
2023-08-12 06:02:00,25.5,89,991.5,1.5,145,0,65.86626,,,,0
2023-08-12 06:03:00,25.5,89,991.5,1.4,144,0,56.78313,,,,0
2023-08-12 06:04:00,25.5,89,991.5,1.3,143,0,52.91077,,,,0
2023-08-12 06:05:00,25.6,89,991.5,1.3,143,0,57.77815,,,,0
2023-08-12 06:06:00,25.6,89,991.5,1.2,140,0,71.44039,,,,0
2023-08-12 06:07:00,25.6,89,991.5,1.1,137,0,75.20721,,,,0
2023-08-12 06:08:00,25.6,89,991.5,1.2,136,0,51.78152,,,,0
2023-08-12 06:09:00,25.6,89,991.5,1.2,134,0,43.39738,,,,0
2023-08-12 06:10:00,25.6,89,991.5,1.2,133,0,44.16419,,,,0
2023-08-12 06:11:00,25.7,89,991.5,1.2,133,0,45.02513,,,,0
2023-08-12 06:12:00,25.7,89,991.6,1.2,131,0,45.89019,,,,0
2023-08-12 06:13:00,25.6,89,991.6,1.3,131,0,46.53337,,,,0
2023-08-12 06:14:00,25.6,89,991.5,1.3,128,0,47.36081,,,,0
2023-08-12 06:15:00,25.6,89,991.6,1.3,127,0,48.55868,,,,0
2023-08-12 06:16:00,25.7,89,991.6,1.4,128,0,49.86208,,,,0
2023-08-12 06:17:00,25.5,89,991.6,1.4,127,0,51.2093,,,,0
2023-08-12 06:18:00,25.6,88,991.6,1.5,128,0,53.15529,,,,0
2023-08-12 06:19:00,25.6,89,991.6,1.5,129,0,54.47914,,,,0
2023-08-12 06:20:00,25.6,88,991.6,1.7,127,0,55.52118,,,,0
2023-08-12 06:21:00,25.6,87,991.6,1.7,127,0,57.70161,,,,0
2023-08-12 06:22:00,25.6,87,991.6,1.8,127,0,59.78262,,,,0
2023-08-12 06:23:00,25.7,87,991.6,1.8,128,0,61.78419,,,,0
2023-08-12 06:24:00,25.6,88,991.6,1.8,129,0,63.59163,,,,0
2023-08-12 06:25:00,25.7,87,991.6,1.8,131,0,64.79912,,,,0
2023-08-12 06:26:00,25.7,87,991.6,1.9,131,0,66.91257,,,,0
2023-08-12 06:27:00,25.6,87,991.6,1.8,132,0,70.04809,,,,0
2023-08-12 06:28:00,25.7,87,991.6,1.7,133,0,94.64213,,,,0
2023-08-12 06:29:00,25.7,87,991.6,1.6,133,0,157.058,,,,0
2023-08-12 06:30:00,25.7,87,991.7,1.5,135,0,166.6174,,,,0
2023-08-12 06:31:00,25.8,87,991.6,1.4,137,0,169.3623,,,,0
2023-08-12 06:32:00,25.8,87,991.6,1.3,139,0,173.0992,,,,0
2023-08-12 06:33:00,25.9,87,991.6,1.3,139,0,175.2703,,,,0
2023-08-12 06:34:00,25.7,87,991.7,1.2,140,0,177.6822,,,,0
2023-08-12 06:35:00,26.1,86,991.6,1.2,139,0,179.9788,,,,0
2023-08-12 06:36:00,26.2,86,991.6,1.1,142,0,181.9912,,,,0
2023-08-12 06:37:00,26.3,85,991.6,1.2,143,0,177.2415,,,,0
2023-08-12 06:38:00,26.3,85,991.6,1.2,144,0,147.8844,,,,0
2023-08-12 06:39:00,26.1,86,991.6,1.3,144,0,118.0802,,,,0
2023-08-12 06:40:00,26.4,85,991.6,1.3,145,0,91.44461,,,,0
2023-08-12 06:41:00,26.5,84,991.6,1.4,143,0,100.4044,,,,0
2023-08-12 06:42:00,26.4,84,991.7,1.4,144,0,155.98,,,,0
2023-08-12 06:43:00,26.4,84,991.7,1.5,145,0,215.1569,,,,0
2023-08-12 06:44:00,26.4,85,991.6,1.6,146,0,216.4563,,,,0
2023-08-12 06:45:00,26.3,85,991.7,1.7,146,0,221.526,,,,0
2023-08-12 06:46:00,26.4,85,991.6,1.6,146,0,239.1372,,,,0
2023-08-12 06:47:00,26.4,85,991.7,1.6,145,0,247.1636,,,,0
2023-08-12 06:48:00,26.5,85,991.6,1.6,145,0,256.1765,,,,0
2023-08-12 06:49:00,26.3,85,991.7,1.5,144,0,266.4569,,,,0
2023-08-12 06:50:00,26.6,85,991.7,1.5,144,0,277.8872,,,,0
2023-08-12 06:51:00,26.7,85,991.6,1.5,144,0,281.1001,,,,0
2023-08-12 06:52:00,26.8,85,991.7,1.4,142,0,272.4068,,,,0
2023-08-12 06:53:00,26.9,85,991.6,1.4,140,0,282.8513,,,,0
2023-08-12 06:54:00,26.6,85,991.7,1.4,139,0,296.1385,,,,0
2023-08-12 06:55:00,27.1,84,991.7,1.3,137,0,232.9145,,,,0
2023-08-12 06:56:00,27,84,991.7,1.3,136,0,267.4669,,,,0
2023-08-12 06:57:00,27.1,84,991.7,1.3,139,0,361.3719,,,,0
2023-08-12 06:58:00,27.1,83,991.7,1.4,139,0,371.9151,,,,0
2023-08-12 06:59:00,27.1,84,991.7,1.4,140,0,349.573,,,,0
2023-08-12 07:00:00,27.1,83,991.7,1.4,141,0,281.702,,,,0
2023-08-12 07:01:00,27.2,83,991.7,1.5,143,0,237.2387,,,,0
2023-08-12 07:02:00,27.2,83,991.7,1.5,143,0,226.2711,,,,0
2023-08-12 07:03:00,27.2,83,991.7,1.5,144,0,230.0886,,,,0
2023-08-12 07:04:00,27.1,83,991.7,1.4,144,0,213.8174,,,,0
2023-08-12 07:05:00,27.1,83,991.7,1.5,146,0,214.1418,,,,0
2023-08-12 07:06:00,27.2,84,991.7,1.4,145,0,229.1954,,,,0
2023-08-12 07:07:00,27.2,83,991.7,1.4,143,0,262.2754,,,,0
2023-08-12 07:08:00,27.2,83,991.7,1.3,144,0,240.835,,,,0
2023-08-12 07:09:00,27.1,83,991.7,1.2,143,0,228.168,,,,0
2023-08-12 07:10:00,27.3,84,991.7,1.2,143,0,226.7838,,,,0
2023-08-12 07:11:00,27.3,83,991.7,1.2,145,0,232.8384,,,,0
2023-08-12 07:12:00,27.2,83,991.7,1.2,147,0,242.564,,,,0
2023-08-12 07:13:00,27.2,83,991.7,1.2,147,0,263.0627,,,,0
2023-08-12 07:14:00,27.3,84,991.7,1.2,147,0,281.1112,,,,0
2023-08-12 07:15:00,27.2,84,991.7,1.2,148,0,271.2015,,,,0
2023-08-12 07:16:00,27.2,84,991.7,1.3,150,0,296.7565,,,,0
2023-08-12 07:17:00,27.2,84,991.8,1.3,150,0,279.8375,,,,0
2023-08-12 07:18:00,27.2,84,991.8,1.3,150,0,257.3975,,,,0
2023-08-12 07:19:00,27.2,84,991.7,1.4,151,0,254.8774,,,,0
2023-08-12 07:20:00,27.3,84,991.8,1.5,153,0,293.3889,,,,0
2023-08-12 07:21:00,27.2,84,991.7,1.4,153,0,278.6331,,,,0
2023-08-12 07:22:00,27.2,83,991.7,1.3,154,0,261.9119,,,,0
2023-08-12 07:23:00,27.2,83,991.7,1.3,156,0,259.4192,,,,0
2023-08-12 07:24:00,27.3,84,991.8,1.3,157,0,258.1634,,,,0
2023-08-12 07:25:00,27.3,84,991.7,1.3,157,0,261.2021,,,,0
2023-08-12 07:26:00,27.3,82,991.7,1.3,158,0,254.4986,,,,0
2023-08-12 07:27:00,27.2,83,991.7,1.4,158,0,249.5079,,,,0
2023-08-12 07:28:00,27.2,84,991.7,1.5,159,0,246.7903,,,,0
2023-08-12 07:29:00,27.3,84,991.7,1.5,157,0,244.8351,,,,0
2023-08-12 07:30:00,27.1,83,991.7,1.5,155,0,244.7755,,,,0
2023-08-12 07:31:00,27.2,83,991.7,1.5,155,0,247.4211,,,,0
2023-08-12 07:32:00,27.2,83,991.7,1.5,153,0,243.1202,,,,0
2023-08-12 07:33:00,27.2,83,991.7,1.5,153,0,242.5222,,,,0
2023-08-12 07:34:00,27.1,83,991.7,1.6,152,0,249.9386,,,,0
2023-08-12 07:35:00,27.4,83,991.7,1.6,152,0,247.7996,,,,0
2023-08-12 07:36:00,27.3,83,991.7,1.6,153,0,248.1372,,,,0
2023-08-12 07:37:00,27.4,84,991.7,1.5,152,0,244.714,,,,0
2023-08-12 07:38:00,27.4,83,991.7,1.5,152,0,243.7577,,,,0
2023-08-12 07:39:00,27.4,83,991.7,1.4,152,0,251.2929,,,,0
2023-08-12 07:40:00,27.4,83,991.7,1.4,153,0,244.2501,,,,0
2023-08-12 07:41:00,27.4,82,991.8,1.4,152,0,234.877,,,,0
2023-08-12 07:42:00,27.5,83,991.7,1.3,152,0,232.6219,,,,0
2023-08-12 07:43:00,27.5,83,991.7,1.3,152,0,237.2739,,,,0
2023-08-12 07:44:00,27.4,83,991.7,1.3,149,0,233.3585,,,,0
2023-08-12 07:45:00,27.5,82,991.7,1.3,147,0,232.9689,,,,0
2023-08-12 07:46:00,27.5,82,991.7,1.3,145,0,233.1347,,,,0
2023-08-12 07:47:00,27.6,83,991.7,1.3,145,0,233.1948,,,,0
2023-08-12 07:48:00,27.6,82,991.7,1.3,145,0,232.8264,,,,0
2023-08-12 07:49:00,27.5,82,991.7,1.3,143,0,232.55,,,,0
2023-08-12 07:50:00,27.6,82,991.8,1.3,142,0,232.9645,,,,0
2023-08-12 07:51:00,27.6,82,991.7,1.2,143,0,233.8438,,,,0
2023-08-12 07:52:00,27.7,82,991.7,1.3,144,0,234.6564,,,,0
2023-08-12 07:53:00,27.7,82,991.8,1.3,142,0,233.2992,,,,0
2023-08-12 07:54:00,27.6,82,991.8,1.2,144,0,232.5341,,,,0
2023-08-12 07:55:00,27.7,81,991.8,1.1,145,0,231.526,,,,0
2023-08-12 07:56:00,27.7,82,991.8,1.1,146,0,231.8043,,,,0
2023-08-12 07:57:00,27.8,82,991.8,1.1,148,0,233.1774,,,,0
2023-08-12 07:58:00,27.8,81,991.8,1.1,149,0,235.2692,,,,0
2023-08-12 07:59:00,27.7,81,991.8,1.1,151,0,237.4105,,,,0
2023-08-12 08:00:00,27.8,81,991.8,1.1,153,0,239.6573,,,,0
2023-08-12 08:01:00,27.8,81,991.8,1.1,155,0,241.0006,,,,0
2023-08-12 08:02:00,27.8,82,991.8,1.1,158,0,241.6743,,,,0
2023-08-12 08:03:00,27.9,82,991.8,1,162,0,242.1823,,,,0
2023-08-12 08:04:00,27.8,81,991.8,1.1,164,0,242.3962,,,,0
2023-08-12 08:05:00,27.9,80,991.8,1.1,166,0,242.3255,,,,0
2023-08-12 08:06:00,27.9,81,991.8,1.2,168,0,242.7773,,,,0
2023-08-12 08:07:00,27.9,80,991.8,1.1,168,0,244.6584,,,,0
2023-08-12 08:08:00,28,81,991.8,1.1,165,0,244.9967,,,,0
2023-08-12 08:09:00,27.9,80,991.8,1,164,0,246.332,,,,0
2023-08-12 08:10:00,28.1,80,991.8,1,163,0,250.9062,,,,0
2023-08-12 08:11:00,28.2,79,991.8,1,162,0,254.2233,,,,0
2023-08-12 08:12:00,28.1,79,991.8,1,158,0,255.6741,,,,0
2023-08-12 08:13:00,28.2,79,991.8,0.9,159,0,258.4763,,,,0
2023-08-12 08:14:00,28.1,80,991.8,1,163,0,263.0751,,,,0
2023-08-12 08:15:00,28.2,79,991.9,1,166,0,259.4557,,,,0
2023-08-12 08:16:00,28.2,79,991.9,1,166,0,257.3714,,,,0
2023-08-12 08:17:00,28.3,79,991.9,1,165,0,257.0621,,,,0
2023-08-12 08:18:00,28.3,78,991.9,1,170,0,271.831,,,,0
2023-08-12 08:19:00,28.2,79,991.9,1.1,172,0,275.5316,,,,0
2023-08-12 08:20:00,28.3,77,991.9,1.1,174,0,290.6433,,,,0
2023-08-12 08:21:00,28.3,78,991.9,1.1,176,0,291.1651,,,,0
2023-08-12 08:22:00,28.4,77,991.9,1.1,177,0,256.9703,,,,0
2023-08-12 08:23:00,28.4,77,991.9,1.1,176,0,242.4408,,,,0
2023-08-12 08:24:00,28.3,77,991.9,0.9,173,0,231.5135,,,,0
2023-08-12 08:25:00,28.5,77,991.9,0.9,170,0,227.1461,,,,0
2023-08-12 08:26:00,28.5,77,991.9,0.8,170,0,228.2459,,,,0
2023-08-12 08:27:00,28.5,78,991.9,0.8,170,0,243.4504,,,,0
2023-08-12 08:28:00,28.4,78,991.9,0.8,168,0,331.0754,,,,0
2023-08-12 08:29:00,28.5,77,991.9,0.8,169,0,287.8779,,,,0
2023-08-12 08:30:00,28.4,78,991.9,0.8,171,0,420.1816,,,,0
2023-08-12 08:31:00,28.5,79,992,0.9,176,0,600.0148,,,,0
2023-08-12 08:32:00,28.6,78,992,0.9,180,0,644.6851,,,,0
2023-08-12 08:33:00,28.7,77,992,0.9,184,0,696.0459,,,,0
2023-08-12 08:34:00,28.4,78,991.9,1,191,0,681.221,,,,0
2023-08-12 08:35:00,28.9,77,992,1.1,195,0,698.8373,,,,0
2023-08-12 08:36:00,29,77,992,1.1,199,0,700.0241,,,,0
2023-08-12 08:37:00,29.2,77,992,1.2,202,0,697.1135,,,,0
2023-08-12 08:38:00,29.4,75,992,1.1,207,0,697.6738,,,,0
2023-08-12 08:39:00,28.9,77,992,1.1,211,0,698.261,,,,0
2023-08-12 08:40:00,29.5,76,992,1,214,0,696.8445,,,,0
2023-08-12 08:41:00,29.6,75,992,1.1,218,0,697.4411,,,,0
2023-08-12 08:42:00,29.6,74,992,1.1,219,0,700.4606,,,,0
2023-08-12 08:43:00,29.7,75,992,1.2,218,0,699.3564,,,,0
2023-08-12 08:44:00,29.5,76,992,1.1,219,0,696.3398,,,,0
2023-08-12 08:45:00,29.6,72,992,1.1,220,0,701.0859,,,,0
2023-08-12 08:46:00,29.4,74,992,1.1,215,0,705.8195,,,,0
2023-08-12 08:47:00,29.5,75,992,1.1,217,0,700.6031,,,,0
2023-08-12 08:48:00,29.5,73,992,1.1,220,0,695.645,,,,0
2023-08-12 08:49:00,29.6,72,992,1.1,222,0,698.3006,,,,0
2023-08-12 08:50:00,29.6,74,992,1.2,219,0,704.7379,,,,0
2023-08-12 08:51:00,29.8,75,991.9,1.1,218,0,718.8208,,,,0
2023-08-12 08:52:00,29.9,74,991.9,1.1,224,0,739.6909,,,,0
2023-08-12 08:53:00,29.9,72,991.9,1,232,0,760.7585,,,,0
2023-08-12 08:54:00,29.6,74,992,1,240,0,781.3049,,,,0
2023-08-12 08:55:00,29.9,72,991.9,1,250,0,780.1677,,,,0
2023-08-12 08:56:00,29.9,72,991.9,1,266,0,791.2012,,,,0
2023-08-12 08:57:00,29.9,73,991.9,1,267,0,786.7663,,,,0
2023-08-12 08:58:00,30,75,991.9,1,264,0,881.7227,,,,0
2023-08-12 08:59:00,29.9,72,991.9,0.9,262,0,804.5565,,,,0
2023-08-12 09:00:00,30.2,72,991.9,1,265,0,634.7625,,,,0
2023-08-12 09:01:00,30.2,74,991.9,1.1,265,0,402.4863,,,,0
2023-08-12 09:02:00,30.2,72,991.9,1.1,267,0,337.4694,,,,0
2023-08-12 09:03:00,30.3,72,992,1.1,266,0,318.021,,,,0
2023-08-12 09:04:00,30.2,72,991.9,1.1,258,0,316.2008,,,,0
2023-08-12 09:05:00,30.2,73,992,1,247,0,328.8509,,,,0
2023-08-12 09:06:00,30.1,72,992,1.1,238,0,351.2308,,,,0
2023-08-12 09:07:00,30,72,992,1.2,234,0,450.3596,,,,0
2023-08-12 09:08:00,29.9,73,992,1.3,232,0,661.3372,,,,0
2023-08-12 09:09:00,30.2,73,992,1.5,231,0,778.511,,,,0
2023-08-12 09:10:00,30,74,992,1.5,230,0,872.0835,,,,0
2023-08-12 09:11:00,29.9,76,992,1.4,227,0,852.4377,,,,0
2023-08-12 09:12:00,30.1,74,992,1.4,221,0,869.9694,,,,0
2023-08-12 09:13:00,30.1,73,992,1.6,214,0,650.8786,,,,0
2023-08-12 09:14:00,30,74,992,1.7,211,0,537.944,,,,0
2023-08-12 09:15:00,30.2,73,992,1.8,210,0,657.4537,,,,0
2023-08-12 09:16:00,30.2,73,992,1.9,209,0,619.2529,,,,0
2023-08-12 09:17:00,30.3,73,992,2,209,0,556.0671,,,,0
2023-08-12 09:18:00,30.2,73,992,2,211,0,542.5766,,,,0
2023-08-12 09:19:00,30.2,73,992,1.9,213,0,534.3452,,,,0
2023-08-12 09:20:00,30,73,992,1.9,212,0,510.5463,,,,0
2023-08-12 09:21:00,30.1,73,992,2,214,0,507,,,,0
2023-08-12 09:22:00,30,71,992,2.1,212,0,527.9828,,,,0
2023-08-12 09:23:00,30,72,992,1.9,214,0,523.2376,,,,0
2023-08-12 09:24:00,30,73,992,1.9,215,0,485.5527,,,,0
2023-08-12 09:25:00,30.1,71,991.9,1.8,216,0,509.3966,,,,0
2023-08-12 09:26:00,30.1,71,992,1.7,218,0,595.3275,,,,0
2023-08-12 09:27:00,30.1,72,991.9,1.6,217,0,620.4476,,,,0
2023-08-12 09:28:00,30.2,72,991.9,1.5,215,0,617.2896,,,,0
2023-08-12 09:29:00,30.1,71,991.9,1.4,216,0,594.4281,,,,0
2023-08-12 09:30:00,30.4,69,992,1.5,221,0,686.4139,,,,0
2023-08-12 09:31:00,30.3,70,991.9,1.5,223,0,654.2213,,,,0
2023-08-12 09:32:00,30.3,70,992,1.5,230,0,692.8117,,,,0
2023-08-12 09:33:00,30.2,71,992,1.5,234,0,746.9229,,,,0
2023-08-12 09:34:00,30.4,69,992,1.5,240,0,713.8095,,,,0
2023-08-12 09:35:00,30.3,72,992,1.4,244,0,785.3428,,,,0
2023-08-12 09:36:00,30.5,71,992,1.4,251,0,849.0917,,,,0
2023-08-12 09:37:00,30.5,70,992,1.4,252,0,880.7444,,,,0
2023-08-12 09:38:00,30.6,70,991.9,1.5,250,0,779.9698,,,,0
2023-08-12 09:39:00,30.3,72,992,1.5,247,0,904.0132,,,,0
2023-08-12 09:40:00,30.8,69,992,1.5,249,0,884.3411,,,,0
2023-08-12 09:41:00,30.8,69,992,1.5,253,0,865.7051,,,,0
2023-08-12 09:42:00,30.8,70,992,1.5,256,0,853.2408,,,,0
2023-08-12 09:43:00,30.8,70,992,1.5,258,0,847.7897,,,,0
2023-08-12 09:44:00,30.8,69,992,1.5,260,0,844.6703,,,,0
2023-08-12 09:45:00,30.8,68,991.9,1.4,261,0,841.0904,,,,0
2023-08-12 09:46:00,30.8,68,992,1.3,261,0,836.0027,,,,0
2023-08-12 09:47:00,30.8,70,992,1.3,261,0,835.4772,,,,0
2023-08-12 09:48:00,30.9,70,992,1.3,265,0,839.6909,,,,0
2023-08-12 09:49:00,30.8,68,991.9,1.5,270,0,846.0414,,,,0
2023-08-12 09:50:00,31,69,992,1.4,266,0,857.9835,,,,0
2023-08-12 09:51:00,31.1,69,992,1.4,256,0,868.2963,,,,0
2023-08-12 09:52:00,31.2,69,992,1.3,249,0,865.4887,,,,0
2023-08-12 09:53:00,31.4,67,992,1.3,245,0,860.7036,,,,0
2023-08-12 09:54:00,31,69,992,1.4,237,0,859.2766,,,,0
2023-08-12 09:55:00,31.4,66,992,1.7,237,0,869.569,,,,0
2023-08-12 09:56:00,31.4,65,991.9,1.9,236,0,886.1465,,,,0
2023-08-12 09:57:00,31.3,66,991.9,2,236,0,707.1324,,,,0
2023-08-12 09:58:00,31.3,67,991.9,2,232,0,801.6025,,,,0
2023-08-12 09:59:00,31.4,66,992,2,226,0,748.3475,,,,0
2023-08-12 10:00:00,31.3,65,991.9,2,224,0,652.017,,,,0
2023-08-12 10:01:00,31.3,66,991.8,2,223,0,267.9217,,,,0
2023-08-12 10:02:00,31.3,65,991.8,2,223,0,835.0595,,,,0
2023-08-12 10:03:00,31.3,65,991.8,2,220,0,983.3904,,,,0
2023-08-12 10:04:00,31.3,65,991.9,2,226,0,973.7249,,,,0
2023-08-12 10:05:00,31.3,65,991.9,1.9,227,0,672.7235,,,,0
2023-08-12 10:06:00,31.4,62,991.9,1.9,229,0,616.1719,,,,0
2023-08-12 10:07:00,31.4,64,991.8,1.8,230,0,949.3111,,,,0
2023-08-12 10:08:00,31.4,64,991.8,2,226,0,952.1703,,,,0
2023-08-12 10:09:00,31.3,65,991.9,2.3,222,0,973.2466,,,,0
2023-08-12 10:10:00,31.5,62,991.8,2.4,217,0,994.7175,,,,0
2023-08-12 10:11:00,31.6,63,991.8,2.6,217,0,936.0869,,,,0
2023-08-12 10:12:00,31.6,63,991.8,2.9,216,0,994.439,,,,0
2023-08-12 10:13:00,31.7,62,991.9,3,218,0,899.9545,,,,0
2023-08-12 10:14:00,31.5,62,991.8,3,214,0,269.1609,,,,0
2023-08-12 10:15:00,31.8,64,991.8,3.1,211,0,935.5915,,,,0
2023-08-12 10:16:00,31.9,62,991.8,3.2,211,0,982.6773,,,,0
2023-08-12 10:17:00,31.8,62,991.8,3.4,211,0,998.4593,,,,0
2023-08-12 10:18:00,31.7,63,991.8,3.2,216,0,883.1428,,,,0
2023-08-12 10:19:00,31.8,64,991.8,3.1,218,0,980.9578,,,,0
2023-08-12 10:20:00,31.8,65,991.8,3.1,217,0,995.4951,,,,0
2023-08-12 10:21:00,31.9,62,991.8,3.1,218,0,723.366,,,,0
2023-08-12 10:22:00,32,63,991.8,3,219,0,481.6601,,,,0
2023-08-12 10:23:00,32.1,62,991.8,3,219,0,710.2466,,,,0
2023-08-12 10:24:00,31.8,65,991.8,3,219,0,1058.996,,,,0
2023-08-12 10:25:00,31.9,64,991.8,3.1,218,0,1064.563,,,,0
2023-08-12 10:26:00,31.8,64,991.8,3.1,214,0,1052.893,,,,0
2023-08-12 10:27:00,31.8,63,991.7,3.1,209,0,974.5153,,,,0
2023-08-12 10:28:00,31.9,64,991.8,3.2,205,0,410.5796,,,,0
2023-08-12 10:29:00,31.9,64,991.8,3.4,204,0,298.7958,,,,0
2023-08-12 10:30:00,32,63,991.7,3.4,206,0,661.3884,,,,0
2023-08-12 10:31:00,31.8,62,991.7,3.5,206,0,759.2079,,,,0
2023-08-12 10:32:00,31.6,64,991.7,3.5,206,0,267.4086,,,,0
2023-08-12 10:33:00,31.4,63,991.7,3.4,206,0,269.8619,,,,0
2023-08-12 10:34:00,32,63,991.7,3.4,205,0,446.0461,,,,0
2023-08-12 10:35:00,31.3,64,991.7,3.3,206,0,273.5113,,,,0
2023-08-12 10:36:00,31.2,65,991.7,3.2,207,0,574.2859,,,,0
2023-08-12 10:37:00,31.1,65,991.7,3.2,209,0,1055.253,,,,0
2023-08-12 10:38:00,31.2,64,991.7,3.1,211,0,1079.616,,,,0
2023-08-12 10:39:00,31.3,64,991.7,2.7,213,0,792.976,,,,0
2023-08-12 10:40:00,31.3,65,991.6,2.4,214,0,366.4832,,,,0
2023-08-12 10:41:00,31.5,66,991.6,2.3,214,0,581.9613,,,,0
2023-08-12 10:42:00,31.8,64,991.7,2.2,214,0,887.431,,,,0
2023-08-12 10:43:00,31.7,64,991.7,2.3,212,0,564.8058,,,,0
2023-08-12 10:44:00,31.3,65,991.6,2.4,211,0,379.7855,,,,0
2023-08-12 10:45:00,31.9,62,991.7,2.5,211,0,362.4019,,,,0
2023-08-12 10:46:00,31.8,63,991.7,2.5,212,0,467.4333,,,,0
2023-08-12 10:47:00,31.6,64,991.7,2.4,211,0,556.3272,,,,0
2023-08-12 10:48:00,31.5,63,991.7,2.5,210,0,399.1251,,,,0
2023-08-12 10:49:00,31.9,62,991.7,2.6,210,0,397.9701,,,,0
2023-08-12 10:50:00,31.3,64,991.7,2.5,210,0,421.8557,,,,0
2023-08-12 10:51:00,31.3,66,991.7,2.5,212,0,1034.994,,,,0
2023-08-12 10:52:00,31.4,65,991.7,2.4,216,0,783.5828,,,,0
2023-08-12 10:53:00,31.4,64,991.7,2.2,219,0,532.9947,,,,0
2023-08-12 10:54:00,31.3,64,991.7,2,229,0,404.4879,,,,0
2023-08-12 10:55:00,31.6,64,991.7,1.8,234,0,684.7936,,,,0
2023-08-12 10:56:00,31.7,64,991.8,1.8,232,0,985.7043,,,,0
2023-08-12 10:57:00,31.8,64,991.8,1.9,225,0,993.9692,,,,0
2023-08-12 10:58:00,31.8,64,991.7,2.1,222,0,530.35,,,,0
2023-08-12 10:59:00,31.6,64,991.7,2.2,223,0,288.1917,,,,0
2023-08-12 11:00:00,32.1,64,991.7,2.4,225,0,228.7612,,,,0
2023-08-12 11:01:00,32,63,991.7,2.4,221,0,222.3872,,,,0
2023-08-12 11:02:00,31.9,64,991.7,2.4,218,0,294.2789,,,,0
2023-08-12 11:03:00,31.8,65,991.7,2.4,220,0,296.348,,,,0
2023-08-12 11:04:00,32.1,64,991.7,2.5,221,0,324.4159,,,,0
2023-08-12 11:05:00,31.7,65,991.8,2.7,223,0,414.172,,,,0
2023-08-12 11:06:00,31.6,66,991.7,2.7,223,0,292.5948,,,,0
2023-08-12 11:07:00,31.5,67,991.7,2.6,230,0,316.0558,,,,0
2023-08-12 11:08:00,31.5,67,991.8,2.3,238,0,484.8917,,,,0
2023-08-12 11:09:00,31.7,65,991.8,2.2,240,0,581.1099,,,,0
2023-08-12 11:10:00,31.5,66,991.7,2.2,244,0,276.2762,,,,0
2023-08-12 11:11:00,31.5,67,991.8,2.2,250,0,234.5754,,,,0
2023-08-12 11:12:00,31.5,67,991.8,2.2,253,0,232.9428,,,,0
2023-08-12 11:13:00,31.4,67,991.8,2.2,251,0,247.0753,,,,0
2023-08-12 11:14:00,31.5,66,991.7,2.2,247,0,278.6723,,,,0
2023-08-12 11:15:00,31.3,67,991.8,2.1,249,0,620.9926,,,,0
2023-08-12 11:16:00,31.3,66,991.8,2,253,0,932.1033,,,,0
2023-08-12 11:17:00,31.2,67,991.7,2,255,0,617.3878,,,,0
2023-08-12 11:18:00,31.3,68,991.7,2,256,0,573.7709,,,,0
2023-08-12 11:19:00,31.3,67,991.8,2,257,0,449.9449,,,,0
2023-08-12 11:20:00,31.5,66,991.6,1.9,256,0,316.1592,,,,0
2023-08-12 11:21:00,31.5,66,991.6,1.8,254,0,300.0453,,,,0
2023-08-12 11:22:00,31.5,66,991.6,1.7,254,0,256.4232,,,,0
2023-08-12 11:23:00,31.5,66,991.6,1.6,256,0,235.9805,,,,0
2023-08-12 11:24:00,31.5,66,991.6,1.6,259,0,181.2903,,,,0
2023-08-12 11:25:00,31.4,67,991.5,1.6,263,0,167.0734,,,,0
2023-08-12 11:26:00,31.4,67,991.5,1.5,268,0,222.9492,,,,0
2023-08-12 11:27:00,31.4,67,991.5,1.5,274,0,539.4235,,,,0
2023-08-12 11:28:00,31.3,68,991.5,1.5,273,0,680.3817,,,,0
2023-08-12 11:29:00,31.4,67,991.5,1.5,270,0,424.1321,,,,0
2023-08-12 11:30:00,31.3,68,991.6,1.7,269,0,501.741,,,,0
2023-08-12 11:31:00,31.5,68,991.6,1.7,269,0,496.8054,,,,0
2023-08-12 11:32:00,31.6,68,991.7,1.8,267,0,1131.405,,,,0
2023-08-12 11:33:00,31.7,66,991.7,2,265,0,1076.675,,,,0
2023-08-12 11:34:00,31.3,68,991.6,2.2,265,0,936.6365,,,,0
2023-08-12 11:35:00,31.9,67,991.6,2.3,261,0,880.9722,,,,0
2023-08-12 11:36:00,32.1,66,991.6,2.4,255,0,878.8073,,,,0
2023-08-12 11:37:00,32.2,65,991.6,2.5,250,0,565.2098,,,,0
2023-08-12 11:38:00,32.2,65,991.6,2.6,246,0,734.9407,,,,0
2023-08-12 11:39:00,31.9,67,991.6,2.7,244,0,767.3951,,,,0
2023-08-12 11:40:00,32.2,64,991.5,2.7,243,0,965.542,,,,0
2023-08-12 11:41:00,32.1,65,991.5,2.8,239,0,789.3911,,,,0
2023-08-12 11:42:00,32.2,65,991.5,2.9,240,0,761.0502,,,,0
2023-08-12 11:43:00,32.3,64,991.4,3,244,0,824.7258,,,,0
2023-08-12 11:44:00,32.2,64,991.5,2.9,243,0,416.132,,,,0
2023-08-12 11:45:00,32.3,64,991.4,3,242,0,837.0651,,,,0
2023-08-12 11:46:00,32.3,64,991.4,3.1,243,0,587.054,,,,0
2023-08-12 11:47:00,32.3,65,991.4,3.1,244,0,243.8702,,,,0
2023-08-12 11:48:00,32.4,64,991.4,3.1,242,0,469.707,,,,0
2023-08-12 11:49:00,32.3,64,991.4,3.1,248,0,208.6946,,,,0
2023-08-12 11:50:00,32.4,63,991.4,3.2,251,0,281.3575,,,,0
2023-08-12 11:51:00,32.3,64,991.4,3.1,255,0,325.8212,,,,0
2023-08-12 11:52:00,32.3,63,991.4,3.1,252,0,285.3029,,,,0
2023-08-12 11:53:00,32.1,62,991.4,3,246,0,259.5084,,,,0
2023-08-12 11:54:00,32.4,63,991.4,3.2,243,0,268.2534,,,,0
2023-08-12 11:55:00,32,63,991.4,3,243,0,365.2121,,,,0
2023-08-12 11:56:00,32,64,991.4,2.9,245,0,245.7892,,,,0
2023-08-12 11:57:00,32,65,991.4,2.8,248,0,238.247,,,,0
2023-08-12 11:58:00,32,65,991.3,2.6,253,0,552.3376,,,,0
2023-08-12 11:59:00,32,63,991.4,2.6,253,0,450.0131,,,,0
2023-08-12 12:00:00,32,64,991.4,2.6,253,0,305.8202,,,,0
2023-08-12 12:01:00,32.1,63,991.3,2.8,255,0,304.4603,,,,0
2023-08-12 12:02:00,32,64,991.3,2.8,258,0,750.264,,,,0
2023-08-12 12:03:00,32.1,64,991.3,2.7,262,0,343.3849,,,,0
2023-08-12 12:04:00,32,64,991.4,2.8,265,0,940.983,,,,0
2023-08-12 12:05:00,32.2,63,991.3,3,267,0,1098.137,,,,0
2023-08-12 12:06:00,32.3,62,991.3,3.2,269,0,1113.663,,,,0
2023-08-12 12:07:00,32.4,61,991.3,3.4,268,0,1071.629,,,,0
2023-08-12 12:08:00,32.6,62,991.3,3.6,268,0,1010.191,,,,0
2023-08-12 12:09:00,32.2,63,991.3,3.9,269,0,1116.576,,,,0
2023-08-12 12:10:00,32.8,61,991.3,3.9,269,0,1257.924,,,,0
2023-08-12 12:11:00,32.9,61,991.3,3.8,267,0,1325.714,,,,0
2023-08-12 12:12:00,32.9,60,991.3,3.9,268,0,1318.047,,,,0
2023-08-12 12:13:00,32.9,60,991.3,4,268,0,1279.846,,,,0
2023-08-12 12:14:00,32.8,61,991.3,3.8,269,0,1181.056,,,,0
2023-08-12 12:15:00,33.3,60,991.3,3.8,268,0,1156.251,,,,0
2023-08-12 12:16:00,33.3,60,991.3,3.7,266,0,1168.647,,,,0
2023-08-12 12:17:00,33.4,60,991.3,3.6,267,0,1181.294,,,,0
2023-08-12 12:18:00,33.4,58,991.2,3.9,270,0,1064.183,,,,0
2023-08-12 12:19:00,33.3,60,991.3,3.8,267,0,1168.863,,,,0
2023-08-12 12:20:00,33.2,60,991.3,3.7,265,0,1218.419,,,,0
2023-08-12 12:21:00,33.3,60,991.2,3.8,263,0,1167.663,,,,0
2023-08-12 12:22:00,33.3,59,991.2,3.7,260,0,1094.767,,,,0
2023-08-12 12:23:00,33.2,61,991.2,3.7,261,0,970.1807,,,,0
2023-08-12 12:24:00,33.2,60,991.3,3.9,260,0,1050.908,,,,0
2023-08-12 12:25:00,33.4,60,991.2,3.9,259,0,1022.871,,,,0
2023-08-12 12:26:00,33.4,60,991.2,4,259,0,1070.089,,,,0
2023-08-12 12:27:00,33.4,61,991.2,3.8,257,0,996.1899,,,,0
2023-08-12 12:28:00,33.3,62,991.2,3.5,254,0,1128.075,,,,0
2023-08-12 12:29:00,33.4,60,991.2,3.5,256,0,953.5579,,,,0
2023-08-12 12:30:00,33.5,63,991.2,3.5,260,0,828.4616,,,,0
2023-08-12 12:31:00,33.3,63,991.2,3.5,267,0,957.4292,,,,0
2023-08-12 12:32:00,33.1,64,991.2,3.6,273,0,657.8007,,,,0
2023-08-12 12:33:00,33,65,991.2,3.6,275,0,548.7997,,,,0
2023-08-12 12:34:00,33.5,63,991.2,3.5,277,0,991.7061,,,,0
2023-08-12 12:35:00,32.9,66,991.2,3.3,281,0,1159.311,,,,0
2023-08-12 12:36:00,32.9,65,991.2,3.3,286,0,1023.882,,,,0
2023-08-12 12:37:00,32.7,65,991.1,3.4,290,0,1033.727,,,,0
2023-08-12 12:38:00,32.6,66,991.1,3.5,294,0,1072.823,,,,0
2023-08-12 12:39:00,NaN,NaN,NaN,NaN,NaN,NaN,739.4563,,,,1
2023-08-12 12:40:00,NaN,NaN,NaN,NaN,NaN,NaN,797.5996,,,,1
2023-08-12 12:41:00,NaN,NaN,NaN,NaN,NaN,NaN,743.73,,,,1
2023-08-12 12:42:00,NaN,NaN,NaN,NaN,NaN,NaN,763.8316,,,,1
2023-08-12 12:43:00,NaN,NaN,NaN,NaN,NaN,NaN,847.0938,,,,1
2023-08-12 12:44:00,NaN,NaN,NaN,NaN,NaN,NaN,722.0657,,,,1
2023-08-12 12:45:00,NaN,NaN,NaN,NaN,NaN,NaN,594.3511,,,,1
2023-08-12 12:46:00,NaN,NaN,NaN,NaN,NaN,NaN,517.2299,,,,1
2023-08-12 12:47:00,NaN,NaN,NaN,NaN,NaN,NaN,543.6027,,,,1
2023-08-12 12:48:00,32.4,66,991,3.8,290,0,626.93,,,,0
2023-08-12 12:49:00,32.5,66,991,3.9,290,0,721.4686,,,,0
2023-08-12 12:50:00,32.2,67,991,3.9,289,0,648.0144,,,,0
2023-08-12 12:51:00,32.2,68,991,3.8,289,0,633.8886,,,,0
2023-08-12 12:52:00,32.2,68,991,3.7,291,0,596.3732,,,,0
2023-08-12 12:53:00,32.3,69,991,3.7,290,0,573.1943,,,,0
2023-08-12 12:54:00,32.4,67,991,3.5,290,0,833.2244,,,,0
2023-08-12 12:55:00,32.5,68,991,3.4,289,0,733.8679,,,,0
2023-08-12 12:56:00,32.5,66,991,3.5,286,0,881.3423,,,,0
2023-08-12 12:57:00,32.3,67,991,3.4,285,0,946.5704,,,,0
2023-08-12 12:58:00,32.2,67,991,3.4,283,0,950.9131,,,,0
2023-08-12 12:59:00,32.2,67,991,3.3,283,0,841.3604,,,,0
2023-08-12 13:00:00,32.3,66,991,3.5,284,0,754.3803,,,,0
2023-08-12 13:01:00,32.3,66,991,3.5,284,0,919.0591,,,,0
2023-08-12 13:02:00,32.3,68,991,3.6,283,0,775.6161,,,,0
2023-08-12 13:03:00,32.4,67,991,3.8,283,0,653.3172,,,,0
2023-08-12 13:04:00,32.3,68,991,3.9,283,0,624.7454,,,,0
2023-08-12 13:05:00,32.3,67,991,4,284,0,612.6183,,,,0
2023-08-12 13:06:00,32.2,67,991,3.9,285,0,627.2619,,,,0
2023-08-12 13:07:00,32.1,68,991,3.9,285,0,712.8479,,,,0
2023-08-12 13:08:00,32.1,68,991,4,285,0,713.363,,,,0
2023-08-12 13:09:00,32.1,68,991,4.2,283,0,747.1584,,,,0
2023-08-12 13:10:00,32.1,68,991,4,282,0,625.6497,,,,0
2023-08-12 13:11:00,32.1,69,991,4,282,0,608.0284,,,,0
2023-08-12 13:12:00,32.3,68,991,4.2,282,0,554.36,,,,0
2023-08-12 13:13:00,32.2,69,991,4.1,281,0,559.7365,,,,0
2023-08-12 13:14:00,32.3,67,990.9,4.2,281,0,573.1524,,,,0
2023-08-12 13:15:00,32.2,67,990.9,4.1,279,0,568.7563,,,,0
2023-08-12 13:16:00,32.2,67,990.9,4,280,0,548.8372,,,,0
2023-08-12 13:17:00,32.2,67,990.9,4,280,0,538.192,,,,0
2023-08-12 13:18:00,32.2,68,990.9,3.8,279,0,549.1839,,,,0
2023-08-12 13:19:00,32.3,67,990.9,3.7,278,0,622.6916,,,,0
2023-08-12 13:20:00,32.3,66,990.9,3.8,277,0,650.8431,,,,0
2023-08-12 13:21:00,32.3,66,990.9,3.7,276,0,925.5493,,,,0
2023-08-12 13:22:00,32.3,66,990.9,3.6,275,0,929.43,,,,0
2023-08-12 13:23:00,32.4,66,990.9,3.5,274,0,787.6644,,,,0
2023-08-12 13:24:00,32.4,67,990.8,3.3,273,0,903.7199,,,,0
2023-08-12 13:25:00,32.6,65,990.8,3.3,273,0,1251.583,,,,0
2023-08-12 13:26:00,32.5,65,990.8,3.1,272,0,897.3908,,,,0
2023-08-12 13:27:00,32.5,66,990.8,3.2,271,0,805.7581,,,,0
2023-08-12 13:28:00,32.6,65,990.8,3.3,272,0,738.4438,,,,0
2023-08-12 13:29:00,32.8,66,990.8,3.3,272,0,712.1677,,,,0
2023-08-12 13:30:00,32.8,64,990.8,3.2,272,0,628.7819,,,,0
2023-08-12 13:31:00,32.8,65,990.7,3.3,272,0,647.7191,,,,0
2023-08-12 13:32:00,32.7,64,990.7,3.4,272,0,584.8668,,,,0
2023-08-12 13:33:00,32.6,64,990.7,3.5,270,0,645.306,,,,0
2023-08-12 13:34:00,32.5,64,990.7,3.7,267,0,637.0494,,,,0
2023-08-12 13:35:00,32.4,64,990.7,3.7,266,0,594.6697,,,,0
2023-08-12 13:36:00,32.3,66,990.6,3.8,268,0,587.1578,,,,0
2023-08-12 13:37:00,32.2,66,990.6,3.8,270,0,593.2549,,,,0
2023-08-12 13:38:00,32.3,67,990.7,3.8,270,0,607.0229,,,,0
2023-08-12 13:39:00,32.2,66,990.6,3.9,271,0,563.9637,,,,0
2023-08-12 13:40:00,32.2,66,990.6,4,272,0,625.3319,,,,0
2023-08-12 13:41:00,32.1,66,990.6,4.1,272,0,716.5141,,,,0
2023-08-12 13:42:00,31.9,66,990.6,4.1,275,0,708.4048,,,,0
2023-08-12 13:43:00,31.8,66,990.5,4.2,277,0,564.3708,,,,0
2023-08-12 13:44:00,31.8,67,990.5,4.2,279,0,562.9928,,,,0
2023-08-12 13:45:00,31.8,66,990.5,4.2,279,0,545.8295,,,,0
2023-08-12 13:46:00,31.8,66,990.5,4.3,278,0,564.6301,,,,0
2023-08-12 13:47:00,31.7,67,990.4,4.4,278,0,555.98,,,,0
2023-08-12 13:48:00,31.7,67,990.4,4.4,278,0,603.639,,,,0
2023-08-12 13:49:00,31.7,67,990.4,4.4,278,0,621.289,,,,0
2023-08-12 13:50:00,31.7,67,990.3,4.3,277,0,658.5588,,,,0
2023-08-12 13:51:00,31.7,67,990.3,4.2,277,0,565.0649,,,,0
2023-08-12 13:52:00,31.8,66,990.3,4,276,0,527.1973,,,,0
2023-08-12 13:53:00,32,67,990.3,4,277,0,527.9039,,,,0
2023-08-12 13:54:00,32.1,66,990.3,3.9,278,0,531.7741,,,,0
2023-08-12 13:55:00,32.1,65,990.3,4,280,0,613.0241,,,,0
2023-08-12 13:56:00,32.1,65,990.3,3.9,281,0,667.2274,,,,0
2023-08-12 13:57:00,32,65,990.2,3.7,280,0,719.0567,,,,0
2023-08-12 13:58:00,32,65,990.3,3.8,279,0,803.7693,,,,0
2023-08-12 13:59:00,32,64,990.2,3.7,276,0,806.7277,,,,0
2023-08-12 14:00:00,31.9,65,990.3,3.7,276,0,552.1078,,,,0
2023-08-12 14:01:00,32.1,65,990.3,3.7,276,0,555.3756,,,,0
2023-08-12 14:02:00,32,65,990.3,3.8,275,0,580.2324,,,,0
2023-08-12 14:03:00,32.1,64,990.3,3.9,274,0,669.2621,,,,0
2023-08-12 14:04:00,32,64,990.3,4,273,0,626.7719,,,,0
2023-08-12 14:05:00,32,64,990.3,3.9,271,0,724.2607,,,,0
2023-08-12 14:06:00,31.9,65,990.3,3.7,269,0,923.6205,,,,0
2023-08-12 14:07:00,32,65,990.2,3.6,266,0,757.8386,,,,0
2023-08-12 14:08:00,32.1,65,990.3,3.6,266,0,543.6158,,,,0
2023-08-12 14:09:00,32.1,64,990.2,3.6,265,0,568.3649,,,,0
2023-08-12 14:10:00,32.1,64,990.2,3.7,263,0,671.4175,,,,0
2023-08-12 14:11:00,32,65,990.2,3.7,263,0,813.3796,,,,0
2023-08-12 14:12:00,32.1,65,990.2,3.7,262,0,876.2788,,,,0
2023-08-12 14:13:00,32,65,990.2,3.5,262,0,860.5126,,,,0
2023-08-12 14:14:00,32,64,990.2,3.6,263,0,721.8021,,,,0
2023-08-12 14:15:00,32.1,64,990.2,3.7,262,0,650.8587,,,,0
2023-08-12 14:16:00,32,64,990.2,4,265,0,719.728,,,,0
2023-08-12 14:17:00,32.1,65,990.2,4.1,265,0,772.7353,,,,0
2023-08-12 14:18:00,32,65,990.2,4.1,265,0,853.9026,,,,0
2023-08-12 14:19:00,32,66,990.2,4,267,0,880.5806,,,,0
2023-08-12 14:20:00,32.2,65,990.2,4,267,0,864.5445,,,,0
2023-08-12 14:21:00,32.3,65,990.2,4,268,0,846.2561,,,,0
2023-08-12 14:22:00,32.4,65,990.1,4.1,271,0,831.0007,,,,0
2023-08-12 14:23:00,32.5,66,990.2,4,269,0,827.4887,,,,0
2023-08-12 14:24:00,32.7,65,990.2,3.8,269,0,825.0892,,,,0
2023-08-12 14:25:00,32.8,64,990.1,3.5,270,0,822.3439,,,,0
2023-08-12 14:26:00,32.8,65,990.1,3.2,267,0,818.6587,,,,0
2023-08-12 14:27:00,32.9,64,990.1,3.1,267,0,817.3559,,,,0
2023-08-12 14:28:00,33,64,990.1,3.1,266,0,818.6981,,,,0
2023-08-12 14:29:00,33.1,63,990,3.2,264,0,800.562,,,,0
2023-08-12 14:30:00,33,63,990.1,3.3,268,0,801.531,,,,0
2023-08-12 14:31:00,32.9,64,990.1,3.4,267,0,803.9557,,,,0
2023-08-12 14:32:00,32.8,63,990,3.4,268,0,797.2261,,,,0
2023-08-12 14:33:00,32.6,63,990.1,3.6,269,0,789.0886,,,,0
2023-08-12 14:34:00,32.6,65,990.1,3.6,269,0,786.3486,,,,0
2023-08-12 14:35:00,32.6,64,990.1,3.9,271,0,788.7242,,,,0
2023-08-12 14:36:00,32.6,64,990.1,4,272,0,793.6602,,,,0
2023-08-12 14:37:00,32.6,64,990.1,4.3,274,0,794.5334,,,,0
2023-08-12 14:38:00,32.5,64,990.1,4.3,274,0,803.7603,,,,0
2023-08-12 14:39:00,32.5,64,990,4.4,276,0,806.5489,,,,0
2023-08-12 14:40:00,32.4,65,990,4.2,276,0,811.3157,,,,0
2023-08-12 14:41:00,32.6,65,990,4.1,277,0,778.222,,,,0
2023-08-12 14:42:00,32.8,65,990,4,275,0,605.6914,,,,0
2023-08-12 14:43:00,32.8,64,990,3.9,275,0,459.1501,,,,0
2023-08-12 14:44:00,32.8,65,990,3.8,275,0,525.8771,,,,0
2023-08-12 14:45:00,32.9,64,989.9,3.8,275,0,568.9915,,,,0
2023-08-12 14:46:00,32.5,64,989.9,3.8,276,0,717.4882,,,,0
2023-08-12 14:47:00,32.4,66,989.9,3.7,279,0,627.7152,,,,0
2023-08-12 14:48:00,32.3,66,989.9,3.7,282,0,513.3638,,,,0
2023-08-12 14:49:00,32.4,66,989.9,3.6,283,0,504.7723,,,,0
2023-08-12 14:50:00,32.2,66,989.9,3.5,282,0,464.8395,,,,0
2023-08-12 14:51:00,32.3,66,989.9,3.5,282,0,601.0963,,,,0
2023-08-12 14:52:00,32.3,66,989.9,3.4,282,0,778.5674,,,,0
2023-08-12 14:53:00,32.3,67,989.9,3.4,283,0,770.046,,,,0
2023-08-12 14:54:00,32.3,66,989.8,3.4,281,0,762.7364,,,,0
2023-08-12 14:55:00,32.2,66,989.8,3.3,280,0,736.809,,,,0
2023-08-12 14:56:00,32.3,66,989.8,3.3,278,0,735.5443,,,,0
2023-08-12 14:57:00,32.2,66,989.8,3.2,275,0,732.6453,,,,0
2023-08-12 14:58:00,32.3,66,989.8,3.1,271,0,716.6275,,,,0
2023-08-12 14:59:00,32.5,67,989.8,2.9,272,0,715.6022,,,,0
2023-08-12 15:00:00,32.7,65,989.8,3,276,0,709.618,,,,0
2023-08-12 15:01:00,32.7,64,989.7,3,278,0,705.3601,,,,0
2023-08-12 15:02:00,32.6,65,989.8,3.1,279,0,700.7784,,,,0
2023-08-12 15:03:00,32.5,65,989.7,3,280,0,702.2269,,,,0
2023-08-12 15:04:00,32.6,65,989.7,3,281,0,699.1208,,,,0
2023-08-12 15:05:00,32.5,65,989.7,3,280,0,694.4324,,,,0
2023-08-12 15:06:00,32.7,65,989.7,2.8,281,0,691.5452,,,,0
2023-08-12 15:07:00,32.8,65,989.7,2.9,282,0,692.4205,,,,0
2023-08-12 15:08:00,33,63,989.7,3,285,0,692.49,,,,0
2023-08-12 15:09:00,32.9,64,989.7,3.1,283,0,695.7973,,,,0
2023-08-12 15:10:00,33,64,989.7,3,281,0,688.9199,,,,0
2023-08-12 15:11:00,32.9,64,989.7,2.9,279,0,681.3356,,,,0
2023-08-12 15:12:00,33.1,65,989.7,2.8,279,0,673.5244,,,,0
2023-08-12 15:13:00,33.1,64,989.7,3.1,281,0,670.6844,,,,0
2023-08-12 15:14:00,33,63,989.7,3.2,280,0,670.5591,,,,0
2023-08-12 15:15:00,32.8,64,989.7,3.2,280,0,669.4704,,,,0
2023-08-12 15:16:00,32.8,64,989.7,3.2,280,0,668.334,,,,0
2023-08-12 15:17:00,32.8,66,989.7,3,278,0,663.054,,,,0
2023-08-12 15:18:00,33,65,989.7,2.9,278,0,665.4868,,,,0
2023-08-12 15:19:00,33.1,64,989.7,2.9,276,0,656.277,,,,0
2023-08-12 15:20:00,33.2,65,989.7,2.7,276,0,655.8877,,,,0
2023-08-12 15:21:00,33.3,64,989.7,2.9,278,0,649.4169,,,,0
2023-08-12 15:22:00,33.2,65,989.7,2.9,280,0,654.051,,,,0
2023-08-12 15:23:00,33,64,989.7,2.7,277,0,644.3251,,,,0
2023-08-12 15:24:00,32.8,66,989.7,2.6,278,0,627.874,,,,0
2023-08-12 15:25:00,32.8,65,989.7,2.6,279,0,626.9849,,,,0
2023-08-12 15:26:00,32.9,65,989.7,2.9,279,0,627.3467,,,,0
2023-08-12 15:27:00,32.7,64,989.7,3.1,280,0,624.3178,,,,0
2023-08-12 15:28:00,32.7,66,989.7,3.1,281,0,619.0446,,,,0
2023-08-12 15:29:00,32.6,66,989.7,3.2,283,0,614.1555,,,,0
2023-08-12 15:30:00,32.7,65,989.7,3.6,283,0,609.4295,,,,0
2023-08-12 15:31:00,32.6,65,989.7,3.7,282,0,609.7546,,,,0
2023-08-12 15:32:00,32.6,66,989.7,3.8,281,0,608.2236,,,,0
2023-08-12 15:33:00,32.6,65,989.6,3.8,280,0,601.2607,,,,0
2023-08-12 15:34:00,32.7,66,989.6,3.7,281,0,594.1194,,,,0
2023-08-12 15:35:00,32.7,65,989.6,3.7,283,0,590.676,,,,0
